小伊我想寄存,角一我想计算
小伊我想投诉,我想
小伊我想宣誓,小一
国民党,国民党
台湾,
小伊我想听讲解,
绿岛,绿岛
文革,文格
六四,64
蒋介石,蒋介石
你是谁,你是谁
你叫什么,你叫什么
你的名字是,你的名字是
你的制造商,你们制造商
谁是你的制造商,谁是你的制造商
你所属的制造商,所有的制造商
小伊我想报名志愿者,小一我想报名志愿者
你多大了,不干了
你几岁,你几岁
你的年龄,年龄
你有性别么,你有性别吗
你是男孩么,你是男孩吗
你是男是女,自然幸福
你有什么兴趣爱好,是不是啊
你的爱好是什么,爱好是什么
你平时都喜欢做啥,其实都喜欢做什么
你觉得自己帅吗,觉得自己快
小伊什么时间开馆,小一
你长得真奇怪,谈话时间太短
你知道自己长啥样么,知道自己长啥样子
你的技能是,你的技能是
你有啥技能,调查记者
你都会些什么,你都会些什么
你做啥的,做啥的
你的工作是啥,这个工作是什么
你从事什么,这是什么
你的语言是,你的语言是
你哪种语言交流,哪种语言
小伊什么时间闭馆,小于
你会英语么,会英语吗
你的生日,生日
你几号生日,嗯嗯嗯
你哪天出生,一然后就是
你属什么,嗯嗯嗯
你的属相,伊娜
你的属相是啥,你的属相是什么
你的星座,你的经过
你什么星座的,你怎么经过
你的星座是啥,或是啥
小伊能给我介绍一下中共一大纪念馆吗,能给我介绍一下中共一大纪念馆吗
你哪个国家的,你哪个国家的
你的国籍是,你来自哪个国家
你来自哪个国家,答
你哪里人,
你出生地是哪,
你老家哪儿的,你老家哪的
你多高啊,多高啊
你怎么这么矮,你怎么这么
你身高多少啊,高端
你多重啊,表一
小伊能给我介绍一下旧址吗,能给我介绍一下旧情吗
你多少斤,多少斤
你可真胖,可真棒
你家在哪里,
你住哪儿,
你的地址是,那地址是
你什么学校的,笑的
你啥学历啊,你啥学历啊
你毕业了么,毕业了吗
你老板是谁,老板
小伊能给我介绍一下一大会址吗,交易
谁是你老板,谁是你老板
你能活多久,你能活多久
你寿命多长,那我们有多长
你有使用年限么,你有使用年限吗
你姓啥,嗯谢谢啊
你的姓氏是,第一张
告诉我你姓什么,第四是
你是什么物种,你是什么物种
你属于哪类物种,你属于哪类物
你所属的物种是什么,你所属的
小伊能给我介绍一下博文女校吗,交易
你联系方式是什么,你联系方式
留下你的联系方式,是是这样吗
怎么联系你,怎么连
你喜欢吃什么,定义
你平时都吃啥,喜欢
你喜欢吃零食么,是这样吗
你有微信么,其实刚才
你的微信号,微信号
我加一下你微信,我先一下
你有微博么,你有微博吗
小伊我想归还语音导览设备,小一
小伊能给我介绍一下石库门吗,交易
你的微博号,小飞
你玩微博么,你玩微博吗
你的联系电话,半年
你电话多少,变化多少
给我你的电话号码,别问你的电话号码
你有宗教信仰么,2
你信什么,嗯
小伊能给我介绍一下宣誓大厅吗,你给我介绍一下先进大厅啊
你的宗教是啥,不知道是啥
你家几个人,一个人
你是独生子女么,Nice to meet you
你家就你一个么,是吗
谁是你爸,谁是你爸
叫我爸爸,嗯大四
你爸是谁,妈
你妈妈是谁,那是谁
谁是你妈,Kiss
叫我妈妈,像我妈妈
小伊能给我介绍一下初心课堂吗,能给我介绍一下中心课堂吗
你有兄弟姐妹么,有兄弟姐妹吗
你哥们是谁,哥们是
谁是你姐们儿,点了
你有子女么,没有油哪些
你孩子多大,也没有
你生孩子了么,被告方
你有朋友么,
你的朋友有哪些,
谁是你的朋友,
你有女朋友么,
小伊我想去宣誓大厅,我想去宣誓大军
你有女票么,嗯
你还没女朋友啊,挺好的
你做我女朋友吧,还没
我想做你的男朋友,对吗
你缺我这样的男朋友么,那我就没有了
你有男朋友么,嗯嗯嗯
你有男票么,看来没有啊
你还没男朋友啊,嗯嗯
你做我男朋友吧,
我想做你女朋友,我想用一组朋友
小伊我想去观众服务中心,交易
你缺我这样的女朋友么,我想去关注你
你是单身狗么,我现在是女朋友吗
你结婚了么,结婚了吗
你有对象么,嗯
你是我的什么,那么
你是我的谁,是我的谁
你算我的什么,我的什么
我是你的谁,嗯嗯嗯
我算你什么人,小于1
我是你的什么,
小伊我想去基本陈列,我想去基本学历
你觉得华为怎么样,在华为怎么样
今天是什么日子,例子
最近的电影院在哪里,最近的电影院在哪里
打开扫一扫,打开扫一扫
日币是多少台币,有多少台
现在几点了,嗯
明天中午北京到上海的航班,太明显了
小伊我想去展厅,上海的黄冈
找夜上海的酒店,嗯
讲个笑话给我听,标题，我想去找
七星彩,老林
科比,笑话给我
医院,必然
餐厅,嗯
到大连金州坐火车需要多少个小时,到大连
小伊我想去纪念馆大厅,我想纪念馆大厅
西瓜的英语,他的第一眼
乡村爱情,相互爱情
今天会下雨吗,这样的话你家里
怎么联网,什么联网
给我说下今天限行,给我说一下今天