小伊我想寄存,我想技术
小伊我想投诉,我想
小伊我想宣誓,我想
国民党,领导
台湾,
小伊我想听讲解,我想听讲解
绿岛,打
文革,嗯
六四,嗯
蒋介石,yes
你是谁,你是谁
你叫什么,你叫什么
你的名字是,名字是
你的制造商,制造商
谁是你的制造商,学心你的记照商
你所属的制造商,知道三
小伊我想报名志愿者,小一我想抱名志愿
你多大了,多大了
你几岁,你几岁
你的年龄,你的年累
你有性别吗,你有姓名吗
你是男孩吗,你是来玩吗
你是男是女,斯兰是我
你有什么兴趣爱好,嗯
你的爱好是什么,嗯
你平时都喜欢做啥,平时都喜欢过
你觉得自己帅吗,
小伊什么时间开馆,嗯
你长得真奇怪,
你知道自己长啥样吗,嗯
你的技能是,嗯
你有啥技能,你有啥记
你都会些什么,嗯
你做啥的,嗯
你的工作是啥,嗯
你从事什么,不是什么
你的语言是,嗯
你哪种语言交流,达工
小伊什么时间闭馆,
你会英语吗,嗯
你的生日,
你几号生日,嗯
你哪天出生,你昨天出生
你属什么,你说什么
你的属相,想
你的属相是啥,这是啥
你的星座,嗯
你什么星座的,为什么星座
你的星座是啥,嗯
小伊能给我介绍一下中共一大纪念馆吗,能给我介绍一下中路西萨纪念馆吗
你哪个国家的,
你的国籍是,你的国旗是
你来自哪个国家,嗯
你哪里人,哪里
你出生地是哪,嗯
你老家哪儿的,嗯
你多高啊,嗯
你怎么这么矮,嗯
你身高多少啊,嗯
你多重啊,嗯
小伊能给我介绍一下旧址吗,嗯
你多少斤,嗯
你可真胖,
你家在哪里,嗯
你住哪儿,嗯
你的地址是,我的地址是
你什么学校的,你什么学校的
你啥学历啊,啥学历啊
你毕业了吗,毕业了吗
你老板是谁,老板是谁
小伊能给我介绍一下一大会址吗,小姨能给我介绍一下一大会场吗
谁是你老板,不是你老板
你能活多久,你能活多久
你寿命多长,寿命多长
你有使用年限吗,你有使用年限吗
你姓啥,进啥
你的姓氏是,你的姓氏是
告诉我你姓什么,不你信死了
你是什么物种,你是什么物种
你属于哪类物种,你属于哪类物种
你所属的物种是什么,你所属的物种是什么
小伊能给我介绍一下博文女校吗,交易能给我介绍一下葫芦文笑吗
你联系方式是什么,你联系方式是什么
留下你的联系方式,下你的联系方式
怎么联系你,怎么联系你
你喜欢吃什么,欢吃什么
你平时都吃啥,刀指下
你喜欢吃零食吗,你喜欢吃零食吗
你有微信吗,你有微信吗
你的微信号,你的微信号
我加一下你微信,加一下
你有微博吗,你有微博吗
小伊我想归还语音导览设备,小姨我想辉煌
小伊能给我介绍一下石库门吗,小一介绍一下徐富文吗
你的微博号,的微博号
你玩微博吗,玩微博吗
你的联系电话,电话
你电话多少,电话多少
给我你的电话号码,嗯
你有宗教信仰吗,嗯
你信什么,嗯
小伊能给我介绍一下宣誓大厅吗,幺一介绍一下宣述大厅吗
你的宗教是啥,啥
你家几个人,嗯
你是独生子女吗,嗯
你家就你一个吗,家就
谁是你爸,嗯
叫我爸爸,嗯
你爸是谁,嗯
你妈妈是谁,那是谁
谁是你妈,嗯
叫我妈妈,嗯
小伊能给我介绍一下初心课堂吗,我给我介绍一下足球课堂吗
你有兄弟姐妹吗,嗯
你哥们是谁,嗯
谁是你姐们儿,你姐
你有子女吗,啊
你孩子多大,大
你生孩子了么,嗯
你有朋友吗,有了
你的朋友有哪些,宝马西江
谁是你的朋友,谁是你的朋友
你有女朋友吗,没有
小伊我想去宣誓大厅,小一火小去天数大军
你有女票吗,嗯
你还没女朋友啊,嗯
你做我女朋友吧,爸
我想做你的男朋友,没有
你缺我这样的男朋友么,听我这样子的
你有男朋友吗,我男子有关吗
你有男票吗,嗯
你还没男朋友啊,没奶存走啊
你做我男朋友吧,还有吧
我想做你女朋友,嗯
小伊我想去观众服务中心,小一我想去观众服务书
你缺我这样的女朋友吗,我这样的女朋友吗
你是单身狗吗,你是单选狗吗
你结婚了吗,你结婚了吗
你有对象吗,你有绿掉吗
你是我的什么,你是我的什么
你是我的谁,听我的谁
你算我的什么,我的什么
我是你的谁,嗯
我算你什么人,你什么人
我是你的什么,我心里的什么
小伊我想去基本陈列,小一我想去基本球列
你觉得华为怎么样,怎么样
今天是什么日子,今天是什么日子
最近的电影院在哪里,最近的电影院在哪里
打开扫一扫,打开扫一扫
日币是多少台币,多少排名
现在几点了,现在几点了
明天中午北京到上海的航班,中湖北地道上海的航班
小伊我想去展厅,嗯
找夜上海的酒店,找相的锁链
讲个笑话给我听,讲个笑话给我听
七星彩,新鲜菜
科比,
医院,医院
餐厅,产品
到大连金州坐火车需要多少个小时,到大连金争过火车要多少个小时
小伊我想去纪念馆大厅,交易我想去纪念馆大厅
西瓜的英语,嗯
乡村爱情,嗯
今天会下雨吗,今天会下雨
怎么联网,什么联网
给我说下今天限行,下春天顺时
报警电话,报警电话
逍遥游庄周,遥一装
交通如何,交通如何
我现在的位置,我现在的位置
小伊我想去洗手间,我想去洗手间
金牛,金木油
从贝瓦播放爸爸去哪儿加油版,嗯
你今年多大了,今天多大了
播放轻音乐,忘清一日
北京中关村附近的公交站,北京中关村附近的公交站
导航去机场停车场,导航去机场停车场
豆腐咋做,豆腐转座
我明天的日程,嗯
设置明天的提醒,你好的提醒
小伊我想去宣誓大厅咨询台,我想去宣誓大厅咨询台
我要发信息,巴西
呼叫妈妈,叫妈妈
你是男的还是女的,难道麻师
爱情是什么,爱奇是什么
今天几月几日,中天企业几日
搜索附近的电影院,嗯
打开录音,嗯
报时,十
小伊我想租借语音导览设备,我
小伊我想去纪念馆大厅咨询台,小恩我小区纪年馆大厅去巡台
明天下午北京到上海的航班,明天下午补京到上次了
找一下附近的情趣酒店,的情趣酒店
讲个笑话好吗,讲个笑话好吗
请查昨晚双色球开奖结果,请查昨晚双色球开奖车组
华为的新闻,在新
军招行政村,嗯
附近美食,嗯
糖基股价是多少,嗯
小伊我想去观众服务中心咨询台,小一我想去观众服务中心咨询打
高铁,高铁
苹果的英语怎么说,苹果的衣服怎么说
非诚勿扰,成不扰
今日天气,今日天气
我想上知乎,我想上去
广州限号,骗套
香港火警电话,香港火警电话
读一首陆游的诗,读英雄陆游的诗
今天出门堵车吗,车吗
小伊我想去旧址,小艺我想去旧址
我现在定位在哪里,在哪里
白羊,白羊
郭德纲相声,刚相声
你今年几岁,你经典几岁
我要听刘德华的歌,我要无华
公交车六路,交车六路
导航去塘下工商局,导航节唱下四张局
螃蟹怎么弄啊,螃蟹怎么用啊
小伊我想去一大会址,小区一大卫
我下周的日程,
帮我发短信求教,半心求教
党旗,党旗
闭馆,宾馆
开馆,哇
一大会址,一大废纸
小伊我想去博文女校,小一我想去国文女校
小伊我想去国旗广场,小吉我想中国旗广场
小伊我想去,小姨我想去
小伊出口在哪里,小一出口在哪里
小伊入口在哪里,小机不考在哪里
小伊楼梯在哪里,老鸡在吗
小伊我想归还党旗,九一我想辉煌党旗
小伊电梯在哪里,小一遍是在哪
小伊扶梯在哪里,你在哪里
小伊安检区在哪里,小丽安检出在哪里
小伊排队区在哪里,小姨才子你居在哪里
小伊集合等候区在哪里,小姨子我能口情感
小伊临时展厅扶梯在哪里,小姨老师展厅词在哪
小伊我想去二大,老弟我想去澳大
小伊我想去中共二大会址纪念馆,
小伊我想去四大,小姨我想出四大
小伊我想去中共四大纪念馆,我想去周末四大集
小伊我想租借党旗,小米我想出借打
小伊我想去龙华烈士陵园,小姨我想去楼盘电视名园
小伊我想去中国共产党发起组成立地,小姨我想去中国共晗的发起处理
小伊我想去中国共产党发起组成立地《新青年》编辑部旧址,小艺我想去中国共产党发级佟丽地青年天机不就
小伊我想去团中央机关旧址,小姨我想去玩中央机关救址
小伊我想去周公馆,小艺我想去中
小伊我想去中国劳动组合书记部,小姨我想去中国劳工组合书籍物
小伊我想去医院,我想去医院
小伊我想去地铁站,感觉我想去地铁站
小伊我想去公交站,想给我想去公交站
小伊我想去停车场,小艺我想去停车场
小伊我想盖纪念章,我想在纪念商
怎么预约,
怎么参观,残瓜
有什么教育活动,叫
我想买党史书籍,我想买党暑
小伊我想买纪念品,我想买纪念
小伊我想提建议,我想去介入
我要转人工,我要准足功
这个活动在哪里报名参加,嗯
停止播放,播放
北京中关村附近的公交站,普及的公交站
帮我导航到佛山,帮我导航到佛山
鱼香肉丝怎么做,小肉怎么做
设置日程,设计日潮
打电话给老婆,嗯
我爱你,爱你
多长时间一趟班车,
你知道尼斯湖水怪是什么,你知道你斯乎最怪是什么
除夕,东西
附近的万达影院,打
打开导航,打开导航
现在是几点钟,现在是几点钟
比赛,在
成人笑话,跳
帮我买一注双色球,帮我买一束双色条
科技新闻,我急新闻
我饿了,饿了
创业板指数,放夜晚指数
附近哪个地铁站最近,你哪个地铁站最近
英语,嗯
如懿传,嗯
消费满多少可减免停车费,消费款多少可减免停车费
天气,点起
打开淘宝,
帮我播报下今天的限行号码是什么,我
顺丰快递电话,沈龙快递电话
来一首诗,来一首歌
查路况,哇
帮我看一下我现在在哪里,天下我想现在在哪里
天蝎座,天气落
放个屁吧,放个屁吧
一台车可免费停几个小时,开车可免费新景
放音乐,王音乐
公交站,交战
查一下到汕头,查一下到山
红烧鱼怎么做,走过
设定闹钟,
拨打电话,拨打电话
你们招商电话是多少?,招商电话是多少
官方微信,微信
今天的天气,嗯
广州的天气,嗯
大海为什么是蓝色,
我东西找不到了,找不到了
哈喽,
嗨,嗯
你好啊,
你好,好了
你会干什么,
你会干嘛,干嘛
你会什么,为什么
你叫啥,要啥
你是谁,是谁
再见,再见
丢东西了,谢了
拜拜,嗯
告诉我轮滑的位置,告诉我刘华
在吗,嗯
我要到电影院,嗯
卡丁车馆在哪里,车管在哪里
在不在,在
万宁在哪里,在哪
广汽怎么走,上
唱歌,
谢谢,谢谢
请问有没有产后修复,雪味有没有炒豆休
你毕业了么,嗯
帮我唱首歌吧,帮我唱首歌吧
帮我放一首歌,帮我放一首歌吧
播放一首歌,放一首歌
唱个歌,唱个歌
唱首歌,唱首歌
唱首歌吧,首歌吧
唱首歌呗,放首歌呗
唱首歌给我听吧,他走
你真笨,嗯
唱首歌来听吧,唱首歌来听吧
唱首歌来听听,唱首歌来听听
唱一首歌吧,唱一首歌吧
我要去超市,我要去超市
超市在哪里,他是在哪里
超市在什么地方,在手机房
车次表,车子表
车库在哪,车库在哪里
车停在哪里,你在哪里
大家好,
笨蛋,嗯
大门在哪里,
地下停车场,车场
电影,店里
儿童乐园,儿童个原子
儿童乐园在哪里,在哪里
儿童玩具,儿童玩具
放首音乐,音乐
放一首歌给我听,嗯
给你唱歌,嗯
现在几点,嗯
给我唱首歌,给我唱首歌
给我唱一首儿歌,给我唱一首儿歌
给我唱一首歌,给我唱一首歌
给我讲个笑话,给我讲个笑话
给爷唱首歌,给爷唱首歌
广场在哪里,广场在哪里
华润万家在哪,打
滑滑梯在哪里,黄华军在哪里
牛顿是谁,那是谁
讲个笑,下
讲很多笑话吧,讲很多笑话吧
讲一个笑话,讲一个笑话
叫什么名字,叫什么名字
今天天气怎么样,今天天气怎么样
看电影,看电影
李白的诗,白的
麦当劳,麦当劳
世界上最高的山是什么,
麦当劳在哪,麦当劳在哪
麦当劳在哪个位置,麦当劳在哪个位视
麦当劳在哪里,麦当劳
麦当劳在哪里呀,麦当劳在哪里呀
卖手机的,卖手机的
门口在哪里,我在哪里
孟浩然有什么诗,傲然有什么司
面包店在哪里,庆包建在哪里
哪里有冰淇淋,有兵之
哪里有超市,哪里有超市
最大的海是哪个,嗯
哪里有儿童车,
哪里有儿童乐园,我儿童个人
哪里有最近的超市,哪里有最近的超市
哪有肯德基,
耐克的店铺在哪里,嗯
耐克品牌店在哪里怎么走,店在哪里怎么走
你的名字叫什么,嗯
你多大呀,大呀
你干嘛,干嘛
你给我唱首歌咯,嗯
面积最大的国家是哪个,家是哪个
你还会再来一首吗,嗯
你好小唐,康小平
你好呀,你好呀
你会唱歌吗,嗯
你会跳舞吗,让我吗
你叫什么名字,叫什么名字
你是干什么的,你是干什么的
你是谁啊,你是谁呀
你是在哪呀,是在哪呀
你现在在哪,你现在在哪
中国有多大,十大
你在干嘛,你在干嘛
在干什么,什么
你在干什么,在干什么呀
你在这里做什么,在这里做什么
披萨在哪里,嗯
请唱一首歌吧,嗯
请为我唱一首宝宝吧,请问我唱一首宝宝吧
请问出口在哪里,请问出口在哪里
请问有没有麦当劳,嗯
中国是哪一年成立的,嗯
去哪家餐厅,是哪家餐厅
什么名字,什么名字
什么位置,什么位置
生活超市,生活超市
书店在哪里,充电在哪里
唐诗,
唐诗吧,啊
停车,
停车在哪里,哪里
童装,中
世界有几个大洲,辣椒
万达在哪,在哪儿
我来给你唱歌,我来给你唱歌
我问你在干什么,我问你在干什么
我想吃饭,我想吃饭
我想吃面,你想吃面
我想吃面包,我想吃面包
我想逛超市,
我想看电影,我想看见你
我想去麦当劳,去麦当劳
我要吃东西,嗯
世界上有多少国家,嗯
我要喝奶,我要喝奶
我要喝奶茶,
我要拉屎,我要拉扯
我要去2楼,二楼
我要去麦当劳,我要去麦当劳
我要走了,我要走了
小朋友在哪里玩,小朋友在哪里玩
小唐你现在在干嘛,小唐现在在干嘛
小唐我想要唱一首歌,导航我想要唱一首歌
小唐小唐,小唐小唐
最长的河流是什么,嗯
小唐小唐讲一个笑,小唐小唐死将一个笑
小唐小唐说一个笑话,小唐说一个笑话
一首歌,一首歌
一首唐诗,英雄好学
永辉超市,超市
游泳的地方在哪里,游泳的地方在哪里
游泳馆在哪儿,万在哪
有冰淇淋卖吗,用冰激凌卖了
有玩具吗,玩具吗
爱因斯坦是谁,爱因斯卡是谁
阅读是在哪里呀,阅读是在打嘴呀
在干嘛呀,在干嘛呀
在干什么,在干什么
在哪,在哪儿
在哪个门口坐班车,在哪个门口坐班车
在哪里,在哪里
在哪里买,在哪里办
在哪里呀,在哪里呀
在什么位置,在什么位置
背一首唐诗,为一首唱诗
找超市有没有,找超市有没有
这里最近的电梯是哪里,这里最近的电梯是哪里
直上电梯在哪里,时尚电梯在哪里
最近的门口在哪里,最近的门口在哪里
最近的卫生间,最近的卫生间
我的小孩不见了,嗯
背一首李清照的诗,被不手李清照死
我想听李白的诗,张兄李白的诗
我想听苏轼的诗,我想听苏轼的诗
背一首静夜思,被一首剧列斯
我想听水调歌头,想吃水要喝桃
你会背唐诗吗,会被藏书吗
念一首宋词吧,小送行吧
你会背什么诗,会为什么诗
讲一首唐诗给我听,讲一首唐诗给我听
讲个笑话,大
门口有车挡路了,男朋友车到路了
我想听笑话,我想笑
说个笑话吧,笑吧
有什么搞笑的故事,什么搞笑的故事
讲个笑话故事,讲肥笑场故曲
讲笑话,笑
说个搞笑的,说个搞笑
说一个笑话,笑话
有什么段子,有什么个爱你
讲个段子,讲不断
我是你爸爸,爸爸
能不能帮我广播一下,帮我滚
刘德华是谁,刘德华是谁
圣诞节,圣诞锁
附近的电影院,等电影不啊
打开微信,打开微信
一美元等于多少人民币,比美元等于多少人比
现在几点了,现在几点了
明天早上吉林到长春的航班,明天早晚你得到长春的寒发
能不能查一下监控,靠
酒店,九月
播放笑话,大笑
帮我查一下双色球,帮我查一下双色球
体育新闻,体育新闻
附近有什么好吃的,附近有什么好吃的
华丽家族股票,华体家族上
我喜欢你用日语怎么说,怎么说
最近商场有哪些活动,有哪些
小猪佩奇,小猪佩奇
打开浏览器,打开浏览器
帮我播报今天限行号码,当火播报发现情报
麦当劳电话是多少,麦当劳样话是
查看路况,查看路况
帮我定位现在的位置,帮我现在的
射手座,射手座
播放儿童歌曲,童歌曲
饿了,热的