小伊我想寄存,我想进去
小伊我想投诉,我想
小伊我想宣誓,我想起来了
国民党,1
台湾,
小伊我想听讲解,我想听讲解
绿岛,领导
文革,你
六四,你
蒋介石,你
你是谁,你是谁
你叫什么,你叫什么
你的名字是,名字是
你的制造商,制造商
谁是你的制造商,谁是你的制造商
你所属的制造商,你
小伊我想报名志愿者,小伊我想报名志愿者
你多大了,多大了
你几岁,你几岁
你的年龄,你的年龄
你有性别吗,你有姓名吗
你是男孩吗,你是男孩吗
你是男是女,
你有什么兴趣爱好,你
你的爱好是什么,你
你平时都喜欢做啥,你平时都喜欢做什么
你觉得自己帅吗,你
小伊什么时间开馆,你
你长得真奇怪,
你知道自己长啥样吗,你
你的技能是,你
你有啥技能,你有啥计划
你都会些什么,你
你做啥的,你
你的工作是啥,你
你从事什么,是什么
你的语言是,你
你哪种语言交流,拿
小伊什么时间闭馆,
你会英语吗,你
你的生日,你
你几号生日,你
你哪天出生,一当天出生
你属什么,你属什么
你的属相,像
你的属相是啥,这是什么
你的星座,
你什么星座的,什么星座的
你的星座是啥,1
小伊能给我介绍一下中共一大纪念馆吗,能给我介绍一下中共一大纪念馆
你哪个国家的,标准
你的国籍是,你的问题是
你来自哪个国家,你
你哪里人,哪里
你出生地是哪,你
你老家哪儿的,你
你多高啊,你
你怎么这么矮,你
你身高多少啊,你
你多重啊,你
小伊能给我介绍一下旧址吗,笑一下就行
你多少斤,
你可真胖,
你家在哪里,你
你住哪儿,你
你的地址是,你的地址是
你什么学校的,你什么学校的
你啥学历啊,啥学历啊
你毕业了吗,你毕业了吗
你老板是谁,老板是谁
小伊能给我介绍一下一大会址吗,交易能给我介绍一下一大会址
谁是你老板,我是你老板
你能活多久,你能活多久
你寿命多长,寿命多长
你有使用年限吗,你有使用年限吗
你姓啥,啥
你的姓氏是,你的姓氏是
告诉我你姓什么,你姓什么
你是什么物种,你是什么物种
你属于哪类物种,你属于哪类物种
你所属的物种是什么,以所属的物种是什么
小伊能给我介绍一下博文女校吗,能给我介绍一下胡萝卜要吗
你联系方式是什么,你联系方式是什么
留下你的联系方式,像你的联系方式
怎么联系你,怎么联系你
你喜欢吃什么,你喜欢吃什么
你平时都吃啥,都吃啥
你喜欢吃零食吗,你喜欢吃零食吗
你有微信吗,你有微信吗
你的微信号,你的微信号
我加一下你微信,将
你有微博吗,你有微博吗
小伊我想归还语音导览设备,小伊我想辉煌
小伊能给我介绍一下石库门吗,交易介绍一下
你的微博号,我的微博号
你玩微博吗,玩微博吗
你的联系电话,
你电话多少,电话多少
给我你的电话号码,
你有宗教信仰吗,1
你信什么,你
小伊能给我介绍一下宣誓大厅吗,介绍一下顺序
你的宗教是啥,
你家几个人,
你是独生子女吗,你
你家就你一个吗,3
谁是你爸,你
叫我爸爸,你
你爸是谁,你
你妈妈是谁,那是谁
谁是你妈,你
叫我妈妈,你
小伊能给我介绍一下初心课堂吗,你给我介绍一下出席课堂吗
你有兄弟姐妹吗,你
你哥们是谁,你
谁是你姐们儿,理解
你有子女吗,
你孩子多大,你
你生孩子了么,
你有朋友吗,1
你的朋友有哪些,有哪些
谁是你的朋友,谁是你的朋友
你有女朋友吗,没有
小伊我想去宣誓大厅,我想去宣誓大厅
你有女票吗,
你还没女朋友啊,你
你做我女朋友吧,你
我想做你的男朋友,没有
你缺我这样的男朋友么,跟我这样子
你有男朋友吗,人
你有男票吗,
你还没男朋友啊,没有啊
你做我男朋友吧,没有
我想做你女朋友,
小伊我想去观众服务中心,小伊我想去关注
你缺我这样的女朋友吗,我这样的女朋友吗
你是单身狗吗,你是单身狗吗
你结婚了吗,你结婚了吗
你有对象吗,你有对象吗
你是我的什么,你是我的什么
你是我的谁,你是我的谁
你算我的什么,我的什么
我是你的谁,1
我算你什么人,你什么人
我是你的什么,我是你的什么
小伊我想去基本陈列,我想去基本陈列
你觉得华为怎么样,怎么样
今天是什么日子,今天是什么日子
最近的电影院在哪里,最近的电影院在哪里
打开扫一扫,打开扫一扫
日币是多少台币,多少
现在几点了,现在几点了
明天中午北京到上海的航班,北京到上海的航班
小伊我想去展厅,
找夜上海的酒店,伤害的
讲个笑话给我听,讲个笑话给我听
七星彩,请先看
科比,
医院,1
餐厅,
到大连金州坐火车需要多少个小时,到大连进货火车要多少个小时
小伊我想去纪念馆大厅,我想去纪念馆
西瓜的英语,你
乡村爱情,你
今天会下雨吗,今天会下雨
怎么联网,什么
给我说下今天限行,不需要倾听
报警电话,报警电话
逍遥游庄周,由于
交通如何,交通如何
我现在的位置,我现在的位置
小伊我想去洗手间,我想去洗手间
金牛,精油
从贝瓦播放爸爸去哪儿加油版,3
你今年多大了,你今年多大了
播放轻音乐,音乐
北京中关村附近的公交站,北京中关村附近的公交站
导航去机场停车场,导航去机场停车场
豆腐咋做,豆腐
我明天的日程,你
设置明天的提醒,今天的提醒
小伊我想去宣誓大厅咨询台,小伊我想去宣誓大厅咨询台
我要发信息,发信息
呼叫妈妈,叫妈妈
你是男的还是女的,你是男的
爱情是什么,爱情是什么
今天几月几日,今天几月几日
搜索附近的电影院,你
打开录音,你
报时,10
小伊我想租借语音导览设备,我想出境引导了社会
小伊我想去纪念馆大厅咨询台,我想去纪念馆大厅去开
明天下午北京到上海的航班,明天下午北京到上海的航班
找一下附近的情趣酒店,请问一下附近的情趣酒店
讲个笑话好吗,讲个笑话好吗
请查昨晚双色球开奖结果,昨晚双色球开奖结果
华为的新闻,的
军招行政村,
附近美食,你
糖基股价是多少,你
小伊我想去观众服务中心咨询台,小伊我想去关注服务中心咨询发展
高铁,钢铁
苹果的英语怎么说,苹果的英语怎么说
非诚勿扰,诚勿扰
今日天气,今日店庆
我想上知乎,我想上去
广州限号,你
香港火警电话,香港电话
读一首陆游的诗,陆游的诗
今天出门堵车吗,火车吗
小伊我想去旧址,所以我想去就去
我现在定位在哪里,在境内在哪里
白羊,白羊
郭德纲相声,相声
你今年几岁,你今年几岁
我要听刘德华的歌,我要听你的话
公交车六路,江城六
导航去塘下工商局,上去
螃蟹怎么弄啊,螃蟹怎么弄啊
小伊我想去一大会址,我要去一大问题
我下周的日程,你
帮我发短信求教,请教
党旗,党旗
闭馆,闭馆
开馆,
一大会址,一大会址
小伊我想去博文女校,小伊我想去博文学校
小伊我想去国旗广场,小伊我想去国旗广场
小伊我想去,小伊我想去
小伊出口在哪里,小伊出口在哪里
小伊入口在哪里,小伊路口在哪里
小伊楼梯在哪里,在
小伊我想归还党旗,小伊我想辉煌党旗
小伊电梯在哪里,小伊电器在哪里
小伊扶梯在哪里,小伊在哪里
小伊安检区在哪里,小伊安检在哪里
小伊排队区在哪里,小伊你在哪里
小伊集合等候区在哪里,小伊集合能够情感
小伊临时展厅扶梯在哪里,像一只展翅在哪里
小伊我想去二大,小伊我想吃二蛋
小伊我想去中共二大会址纪念馆,
小伊我想去四大,小伊我想去死的
小伊我想去中共四大纪念馆,因为我想去周末四大情人吧
小伊我想租借党旗,我想租借到期
小伊我想去龙华烈士陵园,小伊我想去龙华烈士陵园
小伊我想去中国共产党发起组成立地,小伊我想去中国共产党
小伊我想去中国共产党发起组成立地《新青年》编辑部旧址,小伊我想去中国共产党八届七年级部旧址
小伊我想去团中央机关旧址,小伊我想去中央机关旧址
小伊我想去周公馆,小伊我想吃粥
小伊我想去中国劳动组合书记部,小伊我想去中国劳动组合书记部
小伊我想去医院,因为我想去医院
小伊我想去地铁站,小伊我想去地铁站
小伊我想去公交站,小伊我想去公交站
小伊我想去停车场,小伊我想去停车场
小伊我想盖纪念章,小伊我想盖纪念章
怎么预约,1
怎么参观,参观
有什么教育活动,教育
我想买党史书籍,我想党组书记
小伊我想买纪念品,我想买纪念
小伊我想提建议,我想去见你
我要转人工,我要转一个
这个活动在哪里报名参加,3
停止播放,播放
北京中关村附近的公交站,附近的公交站
帮我导航到佛山,帮我导航到佛山
鱼香肉丝怎么做,鱼香肉丝怎么做
设置日程,设计
打电话给老婆,
我爱你,我爱你
多长时间一趟班车,卖出
你知道尼斯湖水怪是什么,不知道尼斯湖水怪是什么
除夕,
附近的万达影院,万达影院
打开导航,打开导航
现在是几点钟,现在是几点钟
比赛,在
成人笑话,笑话
帮我买一注双色球,帮我买一组双色球
科技新闻,国际新闻
我饿了,了
创业板指数,创业板涨幅
附近哪个地铁站最近,哪个地铁站最近
英语,
如懿传,你
消费满多少可减免停车费,消费多少可减免停车费
天气,天气
打开淘宝,
帮我播报下今天的限行号码是什么,号码是
顺丰快递电话,顺丰快递电话
来一首诗,来一首诗
查路况,1
帮我看一下我现在在哪里,我现在在哪里
天蝎座,天气
放个屁吧,放个屁吧
一台车可免费停几个小时,开车可免费停车
放音乐,放音乐
公交站,胶价
查一下到汕头,查一下到
红烧鱼怎么做,教育
设定闹钟,设计
拨打电话,拨打电话
你们招商电话是多少?,招商电话是多少
官方微信,微信
今天的天气,
广州的天气,你
大海为什么是蓝色,你
我东西找不到了,找不到了
哈喽,
嗨,你
你好啊,你
你好,你好了
你会干什么,但是
你会干嘛,干嘛
你会什么,为什么
你叫啥,60
你是谁,你是谁
再见,再见
丢东西了,的
拜拜,
告诉我轮滑的位置,告诉我
在吗,你
我要到电影院,你
卡丁车馆在哪里,不管在哪里
在不在,在
万宁在哪里,你在哪里
广汽怎么走,你
唱歌,你
谢谢,谢谢
请问有没有产后修复,请问有没有长痘痘
你毕业了么,你
帮我唱首歌吧,帮我唱首歌吧
帮我放一首歌,帮我放一首歌吧
播放一首歌,唱一首歌
唱个歌,唱首歌
唱首歌,唱首歌
唱首歌吧,1
唱首歌呗,唱首歌呗
唱首歌给我听吧,3
你真笨,
唱首歌来听吧,唱首歌来听吧
唱首歌来听听,唱首歌来听听
唱一首歌吧,唱一首歌吧
我要去超市,我要去超市
超市在哪里,他是在哪里
超市在什么地方,他是在什么地方
车次表,车次表
车库在哪,车库在哪里
车停在哪里,车停在哪里
大家好,你
笨蛋,你
大门在哪里,你
地下停车场,
电影,电影
儿童乐园,儿童特点
儿童乐园在哪里,在哪里
儿童玩具,儿童玩具
放首音乐,音乐
放一首歌给我听,1
给你唱歌,你
现在几点,你
给我唱首歌,给我唱首歌
给我唱一首儿歌,给我唱一首儿歌
给我唱一首歌,给我唱一首歌
给我讲个笑话,给我讲个笑话
给爷唱首歌,给爷唱首歌
广场在哪里,广场在哪里
华润万家在哪,华润万家在哪
滑滑梯在哪里,你在哪里
牛顿是谁,那是谁
讲个笑,下
讲很多笑话吧,讲很多笑话吧
讲一个笑话,讲一个笑话
叫什么名字,叫什么名字
今天天气怎么样,今天天气怎么样
看电影,看电影
李白的诗,白的
麦当劳,麦当劳
世界上最高的山是什么,1
麦当劳在哪,麦当劳在哪
麦当劳在哪个位置,麦当劳在哪个位置
麦当劳在哪里,麦当劳
麦当劳在哪里呀,麦当劳在哪里呀
卖手机的,卖手机的
门口在哪里,你在哪里
孟浩然有什么诗,浩然
面包店在哪里,面包店在哪里
哪里有冰淇淋,哪里有冰激凌
哪里有超市,哪里有超市
最大的海是哪个,
哪里有儿童车,你
哪里有儿童乐园,儿童乐园
哪里有最近的超市,哪里有最近的超市
哪有肯德基,
耐克的店铺在哪里,你
耐克品牌店在哪里怎么走,品牌店在哪里怎么走
你的名字叫什么,
你多大呀,多大呀
你干嘛,干嘛
你给我唱首歌咯,
面积最大的国家是哪个,家是每一个
你还会再来一首吗,
你好小唐,行
你好呀,好呀
你会唱歌吗,1
你会跳舞吗,跳舞
你叫什么名字,你叫什么名字
你是干什么的,你是干什么的
你是谁啊,你是谁呀
你是在哪呀,你是在哪呀
你现在在哪,你现在在哪
中国有多大,我
你在干嘛,你在干嘛
在干什么,你要干什么
你在干什么,在干什么呀
你在这里做什么,在这里做什么
披萨在哪里,
请唱一首歌吧,你
请为我唱一首宝宝吧,请为我唱一首宝宝吧
请问出口在哪里,请问出口在哪里
请问有没有麦当劳,
中国是哪一年成立的,你
去哪家餐厅,是哪家餐厅
什么名字,什么名字
什么位置,什么位置
生活超市,生活超市
书店在哪里,书店在哪里
唐诗,同时
唐诗吧,是
停车,你知道吗
停车在哪里,在哪里
童装,中
世界有几个大洲,大众
万达在哪,他在哪儿
我来给你唱歌,我来给你唱歌
我问你在干什么,我问你在干什么
我想吃饭,我想吃饭
我想吃面,我想吃面
我想吃面包,我想吃面包
我想逛超市,10
我想看电影,我想看见你
我想去麦当劳,去麦当劳
我要吃东西,1
世界上有多少国家,你
我要喝奶,我要喝奶
我要喝奶茶,的
我要拉屎,我要拉屎
我要去2楼,2-2楼
我要去麦当劳,我要去麦当劳
我要走了,我要走了
小朋友在哪里玩,小朋友在哪里玩
小唐你现在在干嘛,小唐现在在干嘛
小唐我想要唱一首歌,小唐我想要唱一首歌
小唐小唐,小唐小唐
最长的河流是什么,
小唐小唐讲一个笑,教堂教堂这样一个教育
小唐小唐说一个笑话,说一个笑话
一首歌,一首歌
一首唐诗,1
永辉超市,
游泳的地方在哪里,游泳的地方在哪里呢
游泳馆在哪儿,你在哪
有冰淇淋卖吗,用冰激凌吗
有玩具吗,玩具
爱因斯坦是谁,爱因斯坦是谁
阅读是在哪里呀,阅读是在哪里呀
在干嘛呀,在干嘛呀
在干什么,你在干什么
在哪,在哪儿呢
在哪个门口坐班车,在哪个门口坐班车
在哪里,你在哪里
在哪里买,在哪里卖
在哪里呀,在哪里呀
在什么位置,在什么位置
背一首唐诗,背一首唐诗
找超市有没有,有没有
这里最近的电梯是哪里,这里最近的店子是哪里
直上电梯在哪里,你在哪里
最近的门口在哪里,最近的门口在哪里
最近的卫生间,最近的卫生间
我的小孩不见了,你
背一首李清照的诗,背一首李清照
我想听李白的诗,想听李白的诗
我想听苏轼的诗,我想听苏轼的诗
背一首静夜思,背一首静夜思
我想听水调歌头,像水调歌头
你会背唐诗吗,会背唐诗吗
念一首宋词吧,手术
你会背什么诗,会背什么诗
讲一首唐诗给我听,讲一首唐诗给我听
讲个笑话,
门口有车挡路了,门口有车挡住了
我想听笑话,我想听笑话
说个笑话吧,笑话
有什么搞笑的故事,有什么搞笑的故事
讲个笑话故事,讲个笑话故事
讲笑话,票
说个搞笑的,说个搞笑的
说一个笑话,一个笑话
有什么段子,有
讲个段子,讲段子
我是你爸爸,爸爸
能不能帮我广播一下,
刘德华是谁,刘德华是谁
圣诞节,圣诞
附近的电影院,电影院
打开微信,打开飞信
一美元等于多少人民币,一美元等于多少人民币
现在几点了,现在几点了
明天早上吉林到长春的航班,明天早上到长春的航班
能不能查一下监控,1
酒店,酒店
播放笑话,1
帮我查一下双色球,帮我查一下双色球
体育新闻,体育新闻
附近有什么好吃的,附近有什么好吃的
华丽家族股票,华丽家族
我喜欢你用日语怎么说,那你怎么说
最近商场有哪些活动,
小猪佩奇,小猪佩奇
打开浏览器,打开浏览器
帮我播报今天限行号码,当我们通过电话
麦当劳电话是多少,麦当劳讲话时
查看路况,还
帮我定位现在的位置,帮我定位现在的位置
射手座,射手座
播放儿童歌曲,儿童歌曲
饿了,的