小伊我想寄存,我想继春
小伊我想投诉,有我想投诉
小伊我想宣誓,小一我想宣誓
国民党,国民党
台湾,台湾
小伊我想听讲解,小一我想听讲解
绿岛,绿岛
文革,文革
六四,六四
蒋介石,讲戒鼠
你是谁,你是谁
你叫什么,你叫什么
你的名字是,你的名字是
你的制造商,你的制造商
谁是你的制造商,谁是你的制造商
你所属的制造商,的机造商
小伊我想报名志愿者,小一我想报名志愿者
你多大了,你不大呢
你几岁,你几岁
你的年龄,你的年龄
你有性别么,有性别吗
你是男孩么,你是难玩吗
你是男是女,你是男是女人
你有什么兴趣爱好,你有什么兴趣爱好
你的爱好是什么,你的爱好是什么
你平时都喜欢做啥,你平时都喜欢做啥
你觉得自己帅吗,你觉得自己坏
小伊什么时间开馆,什么时间开关
你长得真奇怪,你长得真奇怪
你知道自己长啥样么,你知道自己长啥样吗
你的技能是,你的技能是
你有啥技能,你有啥技能
你都会些什么,你都会写
你做啥的,你做啥的
你的工作是啥,你的工作去
你从事什么,李红是什么
你的语言是,你的语言是
你哪种语言交流,已拿中原交流
小伊什么时间闭馆,小艺什么时间不短
你会英语么,魏英语吗
你的生日,你的生日
你几号生日,你几号生日
你哪天出生,你哪天出生
你属什么,你属什么
你的属相,你的属相
你的属相是啥,你的属相是啥
你的星座,你的胸过
你什么星座的,你怎么星座
你的星座是啥,你的星座是啥
小伊能给我介绍一下中共一大纪念馆吗,小一能给我介绍一下胸共皮萨纪念馆吗
你哪个国家的,你哪个国家的
你的国籍是,你的国籍是
你来自哪个国家,你来自哪个国家
你哪里人,你哪里人
你出生地是哪,你出生意事
你老家哪儿的,你老家的
你多高啊,你多高啊
你怎么这么矮,你怎么这么
你身高多少啊,你身高多少啊
你多重啊,你多重啊
小伊能给我介绍一下旧址吗,小一能给我介绍一下袖子吗
你多少斤,你多少斤
你可真胖,你可真胖
你家在哪里,家在哪里
你住哪儿,你住哪
你的地址是,你的地址是
你什么学校的,你什么学校的
你啥学历啊,你啥学历啊
你毕业了么,你毕业了吗
你老板是谁,你老板是谁
小伊能给我介绍一下一大会址吗,小一能给我介绍一下一大会址吗
谁是你老板,谁是你老板
你能活多久,你能活多久
你寿命多长,你寿命多长
你有使用年限么,你有使用年限吗
你姓啥,你姓啥
你的姓氏是,你的姓氏是
告诉我你姓什么,告诉我你为什么
你是什么物种,你是什么物种
你属于哪类物种,你属于哪类物种
你所属的物种是什么,你所属的物种是什么
小伊能给我介绍一下博文女校吗,小艺能给我介绍一下胡文笑吗
你联系方式是什么,你连地方式是什么
留下你的联系方式,留下你的联系方式
怎么联系你,怎么联系你
你喜欢吃什么,你喜欢吃什么
你平时都吃啥,比平时都吃啥
你喜欢吃零食吗,你喜欢吃零食吗
你有微信吗,你有微信吗
你的微信号,你的微信号
我加一下你微信,我加一下你微信
你有微博吗,你有微博吗
小伊我想归还语音导览设备,我想辉煌语音导览设备
小伊能给我介绍一下石库门吗,小一能给我介绍一下徐不能吗
你的微博号,你的微博号
你玩微博吗,你玩微博吗
你的联系电话,电话
你电话多少,电话我少
给我你的电话号码,别问你的电话号码
你有宗教信仰吗,你有重要信仰吗
你信什么,你姓什么
小伊能给我介绍一下宣誓大厅吗,小姨能给我介绍一下先是大厅吗
你的宗教是啥,你的中药是啥
你家几个人,此刻人
你是独生子女吗,四福斯死女吗
你家就你一个吗,你在这里能住吗
谁是你爸,那
叫我爸爸,叫我爸爸
你爸是谁,大是谁
你妈妈是谁,妈妈是谁
谁是你妈,你妈
叫我妈妈,叫我妈妈
小伊能给我介绍一下初心课堂吗,能给我介绍一下重新课堂吗
你有兄弟姐妹吗,你有兄弟姐妹吗
你哥们是谁,嗯
谁是你姐们儿,谁是你姐了
你有子女吗,
你孩子多大,国大
你生孩子了吗,你生孩子了吗
你有朋友吗,你有朋友吗
你的朋友有哪些,我的朋友有哪些
谁是你的朋友,谁是你的朋友
你有女朋友吗,谁有呢
小伊我想去宣誓大厅,我想去宣誓大厅
你有女票吗,哟漂
你还没女朋友啊,嗯
你做我女朋友吧,没有吧
我想做你的男朋友,我想喝几的男朋友
你缺我这样的男朋友吗,学我这样子南亲友吗
你有男朋友吗,你有男资友吗
你有男票吗,
你还没男朋友啊,还没男朋友啊
你做我男朋友吧,我的朋友吧
我想做你女朋友,我想做你女朋友
小伊我想去观众服务中心,江一我想去观众入中心
你缺我这样的女朋友吗,凭我这样的女朋友吗
你是单身狗吗,你是单心狗吗
你结婚了吗,结婚了吗
你有对象吗,你有
你是我的什么,你是我的什么
你是我的谁,你是我的谁
你算我的什么,你看我的什么
我是你的谁,我是你的谁
我算你什么人,我算你什么人
我是你的什么,我是你的什么
小伊我想去基本陈列,小一我想去基本强烈
你觉得华为怎么样,你觉得黄你怎么样
今天是什么日子,今天是什么日子
最近的电影院在哪里,最近的电影院在哪里
打开扫一扫,打开扫一扫
日币是多少台币,一起多少财力
现在几点了,现在几点啦
明天中午北京到上海的航班,明天中国北京到上海的黄斑
小伊我想去展厅,幺一我想去咋听
找夜上海的酒店,找夜上海的酒面
讲个笑话给我听,讲个笑话给我听
七星彩,七星彩
科比,科比
医院,医院
餐厅,谈心
到大连金州坐火车需要多少个小时,到大连荆州过火车需要多少个小时
小伊我想去纪念馆大厅,我想去记东馆大厅
西瓜的英语,西瓜的英雄
乡村爱情,交通爱情
今天会下雨吗,今天会下雨吗
怎么联网,怎么联网
给我说下今天限行,给我说下今天现实
报警电话,报警电话
逍遥游庄周,逍遥游庄周
交通如何,交通如何
我现在的位置,我现在的位置
小伊我想去洗手间,小一我想去洗手间
金牛,精油
从贝瓦播放爸爸去哪儿加油版,说话爸爸去哪啊加油吧
你今年多大了,今年多大了
播放轻音乐,火播放亲音乐
北京中关村附近的公交站,北京中关从附近的公交站
导航去机场停车场,导航去机场停车场
豆腐咋做,豆腐咋做
我明天的日程,离开的女词
设置明天的提醒,设置明天的提醒
小伊我想去宣誓大厅咨询台,交易我想去宣誓大厅咨询台
我要发信息,我要发信息
呼叫妈妈,呼叫妈妈
你是男的还是女的,你是难道他是你的
爱情是什么,爱听是什么
今天几月几日,今天几月十日
搜索附近的电影院,说附近的更简蛋
打开录音,打开录音
报时,到时
小伊我想租借语音导览设备,小一我想租借领导朗设备
小伊我想去纪念馆大厅咨询台,小一我想去纪念馆大厅咨询台
明天下午北京到上海的航班,明天下午北京到上海的
找一下附近的情趣酒店,找一下附近的秦学酒店
讲个笑话好吗,讲个笑话好吗
请查昨晚双色球开奖结果,请查昨晚双射球开脚的结果
华为的新闻,包围的新魔
军招行政村,
附近美食,附近美食
糖基股价是多少,航机股价是多少
小伊我想去观众服务中心咨询台,小一我想去观注日松叔咨询台
高铁,高铁
苹果的英语怎么说,的英语怎么说
非诚勿扰,非诚互导
今日天气,今日天气
我想上知乎,我想上初
广州限号,广州限号
香港火警电话,香港火警电话
读一首陆游的诗,读一首陆游的诗
今天出门堵车吗,今天出门堵车了
小伊我想去旧址,小一我想去旧址
我现在定位在哪里,我现在尽力在哪里
白羊,白羊
郭德纲相声,相声
你今年几岁,你今年几岁
我要听刘德华的歌,我要平德华
公交车六路,将车六路
导航去塘下工商局,导航去塘厦通商局
螃蟹怎么弄啊,螃蟹怎么动啊
小伊我想去一大会址,小一我想去一大会
我下周的日程,我下周的日程
帮我发短信求教,帮我发短信求教
党旗,党旗
闭馆,地管
开馆,开管
一大会址,一大配角
小伊我想去博文女校,小一我想去博文女校
小伊我想去国旗广场,小姨我想去国西广场
小伊我想去,想一我想去
小伊出口在哪里,小一出口在哪里
小伊入口在哪里,小鸡路口在哪里
小伊楼梯在哪里,小子都一在哪里
小伊我想归还党旗,小一我想辉煌党旗
小伊电梯在哪里,小姨电池在哪里
小伊扶梯在哪里,小鸡鼠 p在哪里
小伊安检区在哪里,小姨安检是在哪里
小伊排队区在哪里,小姨排队区在哪里
小伊集合等候区在哪里,小一集合整扣期干嘛
小伊临时展厅扶梯在哪里,小一零时假听听在哪里
小伊我想去二大,小姨我想去二大
小伊我想去中共二大会址纪念馆,小姨我想去中部二代会制新年国
小伊我想去四大,小姨我想去四大
小伊我想去中共四大纪念馆,小鱼我想去周末四打几年馆
小伊我想租借党旗,小一我想租借党旗
小伊我想去龙华烈士陵园,小一我想去龙华烈士理园
小伊我想去中国共产党发起组成立地,小姨我想去中国共产党发几日旅一程
小伊我想去中国共产党发起组成立地《新青年》编辑部旧址,小艺我想去中国共产党发旗成立地星七年天资复救厨
小伊我想去团中央机关旧址,小艺我想去常中央机关救
小伊我想去周公馆,小艺我想去这部馆
小伊我想去中国劳动组合书记部,小姨我想去中国劳中组合书记部
小伊我想去医院,小姨我想去医院
小伊我想去地铁站,小姨我想去地铁站
小伊我想去公交站,小皮我想出公交站
小伊我想去停车场,小艺我想去停车场
小伊我想盖纪念章,小一我想带纪念章
怎么预约,怎么预约
怎么参观,怎么参观
有什么教育活动,有什么教育启动
我想买党史书籍,我想买房时书籍
小伊我想买纪念品,小一我想买纪念品
小伊我想提建议,小一我想徐建义
我要转人工,我要准人工
这个活动在哪里报名参加,在哪里贸易参加
停止播放,信多号
北京中关村附近的公交站,手机自动交战
帮我导航到佛山,帮我导航到佛山
鱼香肉丝怎么做,香肉丝怎么做
设置日程,设置日常
打电话给老婆,打电话给老
我爱你,我爱你
多长时间一趟班车,我长时间已上班车
你知道尼斯湖水怪是什么,你知道尼斯湖水怪是什么
除夕,出席
附近的万达影院,附近的万达影院
打开导航,打开导航
现在是几点钟,现在是几点钟
比赛,比赛
成人笑话,成人笑话
帮我买一注双色球,帮我买一度双色球
科技新闻,科技新闻
我饿了,我饿了
创业板指数,创夜晚几步
附近哪个地铁站最近,附近哪个地铁站最近
英语,英语
如懿传,钻
消费满多少可减免停车费,消费满多少可减免停车费
天气,天气
打开淘宝,打开淘宝
帮我播报下今天的限行号码是什么,帮我播报下今天的限行号码是什么
顺丰快递电话,顺丰快递电话
来一首诗,来一首词
查路况,
帮我看一下我现在在哪里,帮我看一下我现在在哪里
天蝎座,天蝎座
放个屁吧,放个屁吧
一台车可免费停几个小时,一台车可免费提几个小时
放音乐,放音乐
公交站,公交站
查一下到汕头,查一下到汕
红烧鱼怎么做,怎么做
设定闹钟,设定闹钟
拨打电话,拨打电话
你们招商电话是多少?,温州商店话是多少
官方微信,汪欢微信
今天的天气,今天的天气
广州的天气,我的天气
大海为什么是蓝色,大海问什么是蓝色
我东西找不到了,东西找不到了
哈喽,他说
嗨,嗨
你好啊,嗯
你好,你好
你会干什么,你会干什么
你会干嘛,你会干嘛
你会什么,不会沈博
你叫啥,你叫啥
你是谁,不是谁
再见,再见
丢东西了,用东西了
拜拜,拜拜
告诉我轮滑的位置,告诉我轮滑的位置
在吗,在吗
我要到电影院,我要到电影院
卡丁车馆在哪里,好云车管在哪里
在不在,在不在
万宁在哪里,你在哪里
广汽怎么走,广汽怎么走
唱歌,
谢谢,谢谢
请问有没有产后修复,请问有没有产后修复
你毕业了吗,谢了
帮我唱首歌吧,帮我唱首歌吧
帮我放一首歌,帮我放一首歌吧
播放一首歌,播放一首歌
唱个歌,唱首歌
唱首歌,唱首歌
唱首歌吧,唱首歌吧
唱首歌呗,大手喝呗
唱首歌给我听吧,给我行吧
你真笨,车费
唱首歌来听吧,唱首歌来听吧
唱首歌来听听,唱首歌来听听
唱一首歌吧,唱一首歌吧
我要去超市,我要去超市
超市在哪里,超市在哪里
超市在什么地方,超市在什么地方
车次表,车次表
车库在哪,车库在哪里
车停在哪里,车体在哪里
大家好,大家好
笨蛋,现在
大门在哪里,厦门在哪里
地下停车场,一下级车草
电影,电影
儿童乐园,儿童乐园
儿童乐园在哪里,儿童乐园在哪里
儿童玩具,儿童玩具
放首音乐,放首音乐
放一首歌给我听,放一首歌给我听
给你唱歌,给你唱歌
现在几点,现在几点
给我唱首歌,给我上首歌
给我唱一首儿歌,给我唱一首儿歌
给我唱一首歌,给我唱一首歌
给我讲个笑话,给我讲个笑话
给爷唱首歌,给杰唱首歌
广场在哪里,广场在哪里
华润万家在哪,华路万家在哪
滑滑梯在哪里,滑滑机在哪里
牛顿是谁,牛顿是谁
讲个笑,讲个笑
讲很多笑话吧,想很多笑话吧
讲一个笑话,讲一个笑话
叫什么名字,叫什么名字
今天天气怎么样,今天天气怎么样
看电影,看电影
李白的诗,李白的诗
麦当劳,麦当劳
世界上最高的山是什么,世界最高的三次数额
麦当劳在哪,麦当劳在哪
麦当劳在哪个位置,麦当劳在哪个位置
麦当劳在哪里,麦当劳在哪里
麦当劳在哪里呀,麦当劳在哪里呀
卖手机的,卖手机的
门口在哪里,门口在哪里
孟浩然有什么诗,孟浩然有什么诗
面包店在哪里,面包店在哪里
哪里有冰淇淋,哪里有冰激凌
哪里有超市,哪里有超市
最大的海是哪个,最大的海是哪个
哪里有儿童车,哪里有儿童车
哪里有儿童乐园,哪里有儿童乐园
哪里有最近的超市,哪里有最近的超市
哪有肯德基,哪有可乐基
耐克的店铺在哪里,耐克的店铺在哪里
耐克品牌店在哪里怎么走,耐克品牌店在哪里什么手
你的名字叫什么,你的名字叫什么
你多大呀,你多大呀
你干嘛,你干嘛
你给我唱首歌咯,你给我唱首歌哦
面积最大的国家是哪个,最大的国家是哪个
你还会再来一首吗,你还会再来一首吗
你好小唐,你好小唐
你好呀,你好呀
你会唱歌吗,你会唱歌吗
你会跳舞吗,你会跳舞吗
你叫什么名字,叫什么名字
你是干什么的,你是干什么的
你是谁啊,你是谁呀
你是在哪呀,你是在哪呀
你现在在哪,你现在在哪
中国有多大,我有多大
你在干嘛,你在干嘛
在干什么,你在干什么
你在干什么,在干什么呀
你在这里做什么,你在这里做什么
披萨在哪里,至少在哪里
请唱一首歌吧,请唱一首歌吧
请为我唱一首宝宝吧,请为我唱一首宝宝吧
请问出口在哪里,请问出口在哪里
请问有没有麦当劳,请问有没有麦当劳
中国是哪一年成立的,中国是哪一年成立的
去哪家餐厅,去老家餐厅
什么名字,什么名字
什么位置,位置
生活超市,生活超市
书店在哪里,书店在哪里
唐诗,好死
唐诗吧,
停车,你
停车在哪里,停车在哪里
童装,红装
世界有几个大洲,世界有几个大招
万达在哪,欢达在哪儿
我来给你唱歌,我来给你唱歌
我问你在干什么,我问你在干什么
我想吃饭,我想吃饭
我想吃面,我想吃面
我想吃面包,我想吃面包
我想逛超市,我想逛超市
我想看电影,我想看电影
我想去麦当劳,我想去麦当劳
我要吃东西,我要吃东西
世界上有多少国家,有多少国家
我要喝奶,我要喝奶
我要喝奶茶,我要喝奶茶
我要拉屎,我要拉屎
我要去2楼,我要去二楼
我要去麦当劳,我要去麦当劳
我要走了,我要走的
小朋友在哪里玩,小朋友在哪里玩
小唐你现在在干嘛,小唐仅现在上嘛
小唐我想要唱一首歌,小庞我想你要唱一首歌
小唐小唐,小庞小庞
最长的河流是什么,河流是水国
小唐小唐讲一个笑,教堂教堂降一个笑
小唐小唐说一个笑话,小唐小唐说一个笑话
一首歌,一首歌
一首唐诗,英雄唐诗
永辉超市,微超市
游泳的地方在哪里,游泳的地方在哪里
游泳馆在哪儿,游泳馆在哪
有冰淇淋卖吗,有冰激凌卖吗
有玩具吗,有玩具吗
爱因斯坦是谁,爱因斯坦是谁
阅读是在哪里呀,阅读是在哪里呀
在干嘛呀,在干嘛呀
在干什么,在干什么
在哪,在哪儿
在哪个门口坐班车,在哪个门口坐班车
在哪里,在哪里
在哪里买,在哪里卖
在哪里呀,在哪里呀
在什么位置,在什么位置
背一首唐诗,卖一首唐诗
找超市有没有,找超市有没有
这里最近的电梯是哪里,这里最近的电梯是哪里
直上电梯在哪里,直上线出在哪里
最近的门口在哪里,隧间的门口在哪里
最近的卫生间,最近的卫生间
我的小孩不见了,我的小孩不见了
背一首李清照的诗,飞手李清照的词
我想听李白的诗,我想听李白的诗
我想听苏轼的诗,我想听苏轼的诗
背一首静夜思,被一首禁夜思
我想听水调歌头,我想出水钓割头
你会背唐诗吗,你会被疼虚吗
念一首宋词吧,念一首宋许吧
你会背什么诗,你会背什么诗
讲一首唐诗给我听,讲一首唐诗给我听
讲个笑话,讲个笑话
门口有车挡路了,门口有车挡路了
我想听笑话,我想听笑话
说个笑话吧,说个笑话吧
有什么搞笑的故事,有什么搞笑的故事
讲个笑话故事,讲个笑话不行
讲笑话,笑话
说个搞笑的,说个搞笑的
说一个笑话,说一个笑话
有什么段子,有什么段子的
讲个段子,想活断啊
我是你爸爸,我吸你爸的
能不能帮我广播一下,帮我火播一下
刘德华是谁,刘德华试试
圣诞节,是善子
附近的电影院,一个电影院
打开微信,打开微信
一美元等于多少人民币,一美元等于多少人民币
现在几点了,现在洗点了洗
明天早上吉林到长春的航班,天早上要长春的航班
能不能查一下监控,后人查三天后
酒店,酒店
播放笑话,播放笑话
帮我查一下双色球,帮我查一下双色球
体育新闻,请遇新闻
附近有什么好吃的,附近有什么好吃的
华丽家族股票,华曲家子股票
我喜欢你用日语怎么说,我喜欢你用日语走一说
最近商场有哪些活动,有哪些活动
小猪佩奇,小猪佩奇
打开浏览器,打开浏览器
帮我播报今天限行号码,帮我播报今天线型号
麦当劳电话是多少,麦当劳电话是多少
查看路况,查看路况
帮我定位现在的位置,帮我听听现在的位
射手座,射手座
播放儿童歌曲,播放儿童歌曲
饿了,