小伊我想寄存,小艺我想寄存
小伊我想投诉,小一我想投诉
小伊我想宣誓,小一我想宣誓
国民党,国民党
台湾,台湾
小伊我想听讲解,小一我想听讲解
绿岛,绿岛
文革,文革
六四,六四
蒋介石,蒋介石
你是谁,你是谁
你叫什么,你叫什么
你的名字是,你的名字是
你的制造商,你的制造声
谁是你的制造商,谁是你的制造商
你所属的制造商,你所属的制造商
小伊我想报名志愿者,小一我想报名试卷者
你多大了,你多大了
你几岁,你几岁
你的年龄,你的年龄
你有性别吗,你有性别吗
你是男孩吗,你是男孩吗
你是男是女,你是哪些人
你有什么兴趣爱好,你有种性缺爱好
你的爱好是什么,你的爱好是
你平时都喜欢做啥,你平时都喜欢做啥
你觉得自己帅吗,你觉得自己帅吗
小伊什么时间开馆,小艺什么时间开馆
你长得真奇怪,你长得真奇怪
你知道自己长啥样吗,长啥样子
你的技能是,你的技能是
你有啥技能,你有啥技能
你都会些什么,你都会写的
你做啥的,你做啥的
你的工作是啥,你的工作是啥
你从事什么,你从事什么
你的语言是,你的语言是
你哪种语言交流,你拿中研交流
小伊什么时间闭馆,小艺沉默时间最短
你会英语吗,你会英语吗
你的生日,你的生日
你几号生日,以此号称日
你哪天出生,你打天出双
你属什么,你服什么
你的属相,你的属相
你的属相是啥,你的属相是啥
你的星座,你的星座
你什么星座的,你什么星座的
你的星座是啥,你的星座是啥
小伊能给我介绍一下中共一大纪念馆吗,小一能陪我介绍一下中共一大纪念馆吗
你哪个国家的,你哪个国家的
你的国籍是,你的国籍是
你来自哪个国家,你来自哪个国家
你哪里人,你哪里人
你出生地是哪,你出生地势
你老家哪儿的,你老家哪的
你多高啊,你多高啊
你怎么这么矮,你怎么这么
你身高多少啊,你身高多少啊
你多重啊,你多做吧
小伊能给我介绍一下旧址吗,交易能给我介绍一下旧址吗
你多少斤,你多少斤
你可真胖,我真胖
你家在哪里,家在哪里
你住哪儿,
你的地址是,你的地址是
你什么学校的,你什么学校的
你啥学历啊,以啥学历啊
你毕业了吗,你毕业了吗
你老板是谁,你老板是谁
小伊能给我介绍一下一大会址吗,肖一能给我介绍一下一大会址吗
谁是你老板,谁是你老板
你能活多久,你能活多久
你寿命多长,你寿命多长
你有使用年限吗,你有使用年限吗
你姓啥,你姓啥
你的姓氏是,你的姓氏是
告诉我你姓什么,告诉我你信什么
你是什么物种,你是什么物种
你属于哪类物种,你属于哪类物种
你所属的物种是什么,你所属的物种是什么
小伊能给我介绍一下博文女校吗,小一请给我介绍一下中文女校吗
你联系方式是什么,你联系方式是什么
留下你的联系方式,留下你的联系方式
怎么联系你,怎么联系你
你喜欢吃什么,你喜欢什么
你平时都吃啥,你平时都吃啥
你喜欢吃零食吗,你喜欢吃零食吗
你有微信吗,你有微信吗
你的微信号,你的微信号
我加一下你微信,我加一下你微信
你有微博吗,你有微博吗
小伊我想归还语音导览设备,小一我想归还经导览设备
小伊能给我介绍一下石库门吗,小一能给我绍一下徐库恒吗
你的微博号,你的微博号
你玩微博吗,你玩微博吗
你的联系电话,联系电话
你电话多少,电话多少
给我你的电话号码,给我你的电话号码
你有宗教信仰吗,你有中教信仰包
你信什么,你姓什么
小伊能给我介绍一下宣誓大厅吗,小一能给我介绍一下先是大厅吗
你的宗教是啥,你的中教是啥
你家几个人,家比做人
你是独生子女吗,是不是和你吗
你家就你一个吗,你家就你一个吗
谁是你爸,你爸
叫我爸爸,叫我爸爸
你爸是谁,大是谁
你妈妈是谁,妈妈是谁
谁是你妈,谁是我呢
叫我妈妈,叫我妈妈
小伊能给我介绍一下初心课堂吗,小一能给我介绍一下初心课堂吗
你有兄弟姐妹吗,你有兄弟姐妹吗
你哥们是谁,哥们是谁
谁是你姐们儿,谁是你姐了
你有子女吗,你有接触吗
你孩子多大,孩子多大
你生孩子了么,你是凯死了咯
你有朋友吗,你有朋友吗
你的朋友有哪些,朋友有哪些
谁是你的朋友,说心里的朋友
你有女朋友吗,有女朋友吗
小伊我想去宣誓大厅,小一我想去宣誓大街
你有女票吗,妖股票
你还没女朋友啊,你还没女朋友啊
你做我女朋友吧,那我女朋友吧
我想做你的男朋友,我想饿几顿饭还有
你缺我这样的男朋友么,你说我这样子能从有吗
你有男朋友吗,你有男朋友吗
你有男票吗,希望能跳吗
你还没男朋友啊,你还没男朋友啊
你做我男朋友吧,做我男朋友吧
我想做你女朋友,我想做你女朋友
小伊我想去观众服务中心,交易我想去观众服务中心
你缺我这样的女朋友吗,你缺我这样的女朋友吗
你是单身狗吗,你是单身狗吗
你结婚了吗,你结婚了吗
你有对象吗,你有对象吗
你是我的什么,你是我的什么
你是我的谁,你是我的谁
你算我的什么,你叫我的什么
我是你的谁,我是你的谁
我算你什么人,我算你什么人
我是你的什么,我是你的什么
小伊我想去基本陈列,小一我想去基本成立
你觉得华为怎么样,你觉得华为怎么样
今天是什么日子,今天是什么日子
最近的电影院在哪里,最近的电影院在哪里
打开扫一扫,打开扫一扫
日币是多少台币,日币是多少财币