小伊我想寄存,小一我想寄存
小伊我想投诉,小一我想投诉
小伊我想宣誓,小一我想宣誓
国民党,国民党
台湾,台湾
小伊我想听讲解,小一
绿岛,绿岛
文革,文革
六四,六四
蒋介石,蒋介石呀
你是谁,你是谁
你叫什么,你叫什么
你的名字是,你的名字是
你的制造商,你的制造商
谁是你的制造商,谁是你的制造商
你所属的制造商,你所属的制造商
小伊我想报名志愿者,小一我想报名志愿者
你多大了,你多大了
你几岁,你几岁
你的年龄,你的年龄
你有性别吗,你有性别吗
你是男孩吗,你是男孩吗
你是男是女,你是男是女
你有什么兴趣爱好,你有什么兴趣爱好
你的爱好是什么,你的爱好是什么
你平时都喜欢做啥,你平时都喜欢做啥
你觉得自己帅吗,你觉得自己帅吗
小伊什么时间开馆,小一什么时间开管
你长得真奇怪,你长得真奇怪
你知道自己长啥样吗,你知道自己长啥样吗
你的技能是,你的技能是
你有啥技能,你有啥技能
你都会些什么,你都会些什么
你做啥的,你做啥的
你的工作是啥,你的工作是啥
你从事什么,你从事什么
你的语言是,你的语言是
你哪种语言交流,你拿中语言交流
小伊什么时间闭馆,小姨什么时间闭馆
你会英语吗,你会英语吗
你的生日,你的生日
你几号生日,你几号生日
你哪天出生,你哪天出生
你属什么,你数什么
你的属相,你的属相
你的属相是啥,你的属相是啥
你的星座,你的星座
你什么星座的,你什么星座的
你的星座是啥,你的星座是啥
小伊能给我介绍一下中共一大纪念馆吗,小一能给我介绍一下中共一大纪念馆吗
你哪个国家的,以哪个国家的
你的国籍是,你的国籍是
你来自哪个国家,你来自哪个国家
你哪里人,你哪里人
你出生地是哪,你出生地是哪
你老家哪儿的,你老家哪的
你多高啊,你多高啊
你怎么这么矮,你怎么这么矮
你身高多少啊,你身高多少啊
你多重啊,你多重了
小伊能给我介绍一下旧址吗,小一能给我介绍一下旧址吗
你多少斤,你多少斤
你可真胖,你可真胖
你家在哪里,你家在哪里
你住哪儿,你住哪
你的地址是,你的地址是
你什么学校的,你什么学校的
你啥学历啊,你啥学历啊
你毕业了吗,你毕业了吗
你老板是谁,你老板是谁
小伊能给我介绍一下一大会址吗,小一大会址吗
谁是你老板,谁是你老板
你能活多久,你能活多久
你寿命多长,你寿命多长
你有使用年限吗,你有使用年限吗
你姓啥,你姓啥
你的姓氏是,你的信是
告诉我你姓什么,告诉我你信什么
你是什么物种,你是什么物种
你属于哪类物种,你属于哪类物种
你所属的物种是什么,你所属的物种是
小伊能给我介绍一下博文女校吗,小一能给我介绍一下博文女校吗
你联系方式是什么,你联系方式是什么
留下你的联系方式,留下你的联系方式
怎么联系你,怎么联系你
你喜欢吃什么,你喜欢吃什么
你平时都吃啥,你平时都吃啥
你喜欢吃零食吗,你喜欢吃零食吗
你有微信吗,你有微信吗
你的微信号,你的微信号
我加一下你微信,我加一下你微信
你有微博吗,你有微博吗
小伊我想归还语音导览设备,小一我想辉煌语音导览设备
小伊能给我介绍一下石库门吗,小一能给我能吗
你的微博号,你的微博号
你玩微博吗,你玩微博吗
你的联系电话,可联系电话
你电话多少,电话多少
给我你的电话号码,给我你的电话号码
你有宗教信仰吗,你有宗教信仰吗
你信什么,姓什么
小伊能给我介绍一下宣誓大厅吗,小一能给我介绍一下宣誓大厅吗
你的宗教是啥,你的中教是啥
你家几个人,洗个人
你是独生子女吗,你是独生子女吗
你家就你一个吗,你家就你一个吗
谁是你爸,谁是五霸
叫我爸爸,叫我爸爸
你爸是谁,你爸是谁
你妈妈是谁,你妈妈是谁
谁是你妈,谁是你妈
叫我妈妈,我妈妈
小伊能给我介绍一下初心课堂吗,小一初心课堂吗
你有兄弟姐妹吗,你有兄弟姐妹吗
你哥们是谁,你哥们是谁
谁是你姐们儿,谁是你姐妹
你有子女吗,你有子女吗
你孩子多大,你孩子多大
你生孩子了么,你生孩子了吗
你有朋友吗,你有朋友吗
你的朋友有哪些,你的朋友有哪些
谁是你的朋友,谁是你的朋友
你有女朋友吗,你有女朋友吗
小伊我想去宣誓大厅,小一我想去宣誓大厅
你有女票吗,有你票吗
你还没女朋友啊,你还没女朋友啊
你做我女朋友吧,你做我女朋友吧
我想做你的男朋友,我想做你的男朋友
你缺我这样的男朋友么,你缺我这样子男朋友吗
你有男朋友吗,你有男朋友吗
你有男票吗,你有男票吗
你还没男朋友啊,你还没男朋友
你做我男朋友吧,你做我男朋友吧
我想做你女朋友,我想做你女朋友
小伊我想去观众服务中心,小一我想去观众服务中心
你缺我这样的女朋友吗,你缺我这样的女朋友吗
你是单身狗吗,你是单身狗吗
你结婚了吗,你结婚了吗
你有对象吗,你有对象吗
你是我的什么,你是我的什么
你是我的谁,你是我的谁
你算我的什么,你算我的什么
我是你的谁,我是你的谁
我算你什么人,我算你什么人
我是你的什么,我是你的什么
小伊我想去基本陈列,小一我想去基本全列
你觉得华为怎么样,怎么样
今天是什么日子,今天是什么日子
最近的电影院在哪里,最近的电影院在哪里
打开扫一扫,打开扫一扫
日币是多少台币,gb是多少台币
现在几点了,现在几点啦
明天中午北京到上海的航班,明天中午北京到上海的航班
小伊我想去展厅,小一我想去展厅
找夜上海的酒店,找燕商海
讲个笑话给我听,讲个笑话给我听
七星彩,七仙彩
科比,科比
医院,医院