小伊我想寄存,小伊我想寄存
小伊我想投诉,小鱼我想投诉
小伊我想宣誓,我想休息
国民党,国民党
台湾,台湾
小伊我想听讲解,我想听讲解
绿岛,绿岛
文革,文革
六四,
蒋介石,蒋介石
你是谁,你是谁
你叫什么,你叫什么
你的名字是,你的名字是
你的制造商,你的制造商
谁是你的制造商,谁是你的制造商
你所属的制造商,你所属的制造商
小伊我想报名志愿者,小伊我想报名志愿者
你多大了,你多大了
你几岁,你几岁
你的年龄,你的年龄
你有性别吗,你有兴趣吗
你是男孩吗,你是男孩吗
你是男是女,你是男是女
你有什么兴趣爱好,你有什么兴趣爱好
你的爱好是什么,你的爱好是什么
你平时都喜欢做啥,都喜欢做啥
你觉得自己帅吗,你觉得自己帅吗
小伊什么时间开馆,有什么时间开挂
你长得真奇怪,你长得真奇怪
你知道自己长啥样吗,你知道自己长啥样
你的技能是,你的技能是
你有啥技能,你有啥技能
你都会些什么,你都会些什么
你做啥的,你做啥的
你的工作是啥,你的工作是
你从事什么,你从事什么
你的语言是,你的语言是
你哪种语言交流,你拿中文交流
小伊什么时间闭馆,小布
你会英语吗,你会英语吗
你的生日,你的生日
你几号生日,你几号生日
你哪天出生,你哪天出生
你属什么,你属什么
你的属相,你的属相
你的属相是啥,你的属相是啥
你的星座,你的星座
你什么星座的,你什么星座的
你的星座是啥,你的星座是啥
小伊能给我介绍一下中共一大纪念馆吗,小伊能给我介绍一下中共一大纪念馆吗
你哪个国家的,你哪个国家的
你的国籍是,你的国籍是
你来自哪个国家,你来自哪个国家
你哪里人,你哪里的
你出生地是哪,你出生记事
你老家哪儿的,你老家哪
你多高啊,你多高啊
你怎么这么矮,你怎么这么
你身高多少啊,你身高多少啊
你多重啊,你多重了
小伊能给我介绍一下旧址吗,小伊能给我介绍一下就职吗
你多少斤,你多少斤
你可真胖,你可真胖
你家在哪里,家在哪里
你住哪儿,你住哪
你的地址是,你的地址是
你什么学校的,你什么学校的
你啥学历啊,你啥学历啊
你毕业了吗,你毕业了吗
你老板是谁,你老板是谁
小伊能给我介绍一下一大会址吗,能给我介绍一下一大会址吗
谁是你老板,谁是你老板
你能活多久,你能活多久
你寿命多长,寿命多长
你有使用年限吗,你有使用年限吗
你姓啥,你姓啥
你的姓氏是,你的姓氏是
告诉我你姓什么,告诉我你姓什么
你是什么物种,你是什么物种
你属于哪类物种,你属于哪类物种
你所属的物种是什么,你所属的物种是什么
小伊能给我介绍一下博文女校吗,交易能给我介绍一下博文女校吗
你联系方式是什么,你联系方式是什么
留下你的联系方式,留下你的联系方式
怎么联系你,怎么联系你
你喜欢吃什么,你喜欢吃什么
你平时都吃啥,平时都吃啥
你喜欢吃零食吗,你喜欢吃零食吗
你有微信吗,你有微信吗
你的微信号,你的微信号
我加一下你微信,我加一下你微信
你有微博吗,你有微博吗
小伊我想归还语音导览设备,我想语音导览设备
小伊能给我介绍一下石库门吗,小伊能给我介绍一下吗
你的微博号,打开微博号
你玩微博吗,你玩微博吗
你的联系电话,再来个电话
你电话多少,电话多少
给我你的电话号码,给我你的电话号码
你有宗教信仰吗,你有宗教信仰吗
你信什么,你姓什么
小伊能给我介绍一下宣誓大厅吗,能给我介绍一下宣誓大厅吗
你的宗教是啥,有宗教是啥
你家几个人,开始做人
你是独生子女吗,你是不是美女吗
你家就你一个吗,是吗
谁是你爸,
叫我爸爸,叫我爸爸
你爸是谁,那是谁
你妈妈是谁,你妈妈是谁
谁是你妈,操你妈
叫我妈妈,叫我妈妈
小伊能给我介绍一下初心课堂吗,交易能给我介绍一下初心课堂吗
你有兄弟姐妹吗,对吗
你哥们是谁,钱
谁是你姐们儿,谁是你姐姐了
你有子女吗,你呢
你孩子多大,儿子多大
你生孩子了么,死了吗
你有朋友吗,你有没有吗
你的朋友有哪些,你的朋友有哪些
谁是你的朋友,谁是你的朋友
你有女朋友吗,
小伊我想去宣誓大厅,小伊我想去宣誓大厅
你有女票吗,笑话
你还没女朋友啊,还没美女才走啊
你做我女朋友吧,嗯做我女朋友吧
我想做你的男朋友,我想做你的男朋友
你缺我这样的男朋友么,你给我这样的人
你有男朋友吗,你有男朋友吗
你有男票吗,你有男票吗
你还没男朋友啊,你还没男朋友啊
你做我男朋友吧,做我男朋友吧
我想做你女朋友,我想做你女朋友
小伊我想去观众服务中心,交易我想去关注服务中心