小伊我想寄存,我想继续
小伊我想投诉,我想投诉
小伊我想宣誓,小伊我想
国民党,国民党
台湾,台湾
小伊我想听讲解,小伊我想听讲解
绿岛,绿岛
文革,文革
六四,六四
蒋介石,蒋介石
你是谁,你是谁
你叫什么,你叫什么
你的名字是,你的名字是
你的制造商,你的制造商
谁是你的制造商,谁是你的制造商
你所属的制造商,说
小伊我想报名志愿者,小伊我想报名志愿者
你多大了,多大了
你几岁,你几岁
你的年龄,你的年龄
你有性别吗,你有姓名吗
你是男孩吗,你是男孩吗
你是男是女,你是男是女
你有什么兴趣爱好,搜索兴趣爱好
你的爱好是什么,你的爱好是什么
你平时都喜欢做啥,平时都喜欢做什么
你觉得自己帅吗,快
小伊什么时间开馆,什么时间
你长得真奇怪,的
你知道自己长啥样吗,你
你的技能是,你
你有啥技能,你有啥计划
你都会些什么,你
你做啥的,你
你的工作是啥,你的工作
你从事什么,你从事什么
你的语言是,你
你哪种语言交流,拿
小伊什么时间闭馆,医馆
你会英语吗,英语
你的生日,是
你几号生日,你几号生日
你哪天出生,你哪天出生
你属什么,属什么
你的属相,你的属相
你的属相是啥,你的属相是什么
你的星座,你的心
你什么星座的,你什么星座
你的星座是啥,你的星座是啥
小伊能给我介绍一下中共一大纪念馆吗,能给我介绍一下中共一大纪念馆吧
你哪个国家的,你哪个国家的
你的国籍是,你的国籍是
你来自哪个国家,你来自哪个国家
你哪里人,哪里
你出生地是哪,
你老家哪儿的,你老家哪的
你多高啊,高
你怎么这么矮,策划
你身高多少啊,身高多少呢
你多重啊,多种
小伊能给我介绍一下旧址吗,交易给我介绍一下吗
你多少斤,手机
你可真胖,真
你家在哪里,你家在哪里
你住哪儿,
你的地址是,你的地址是
你什么学校的,你什么学校的
你啥学历啊,啥学历啊
你毕业了吗,毕业了吗
你老板是谁,你老板是谁
小伊能给我介绍一下一大会址吗,能给我介绍一下一大会址吗
谁是你老板,谁是你老板
你能活多久,你能活多久
你寿命多长,寿命多长
你有使用年限吗,你有使用年限吗
你姓啥,地址
你的姓氏是,你的姓氏是
告诉我你姓什么,告诉我你认识吗
你是什么物种,你是什么物种
你属于哪类物种,你属于哪类物种
你所属的物种是什么,你所属的物种是什么
小伊能给我介绍一下博文女校吗,交
你联系方式是什么,你联系方式是什么吗
留下你的联系方式,留下你的联系方式
怎么联系你,怎么联系你
你喜欢吃什么,喜欢吃什么
你平时都吃啥,你平时都吃啥
你喜欢吃零食吗,喜欢吃零食吗
你有微信吗,你有微信吗
你的微信号,你的微信号
我加一下你微信,加一下微信
你有微博吗,你有微博吗
小伊我想归还语音导览设备,我想辉煌导航设备
小伊能给我介绍一下石库门吗,能给我介绍一下部门吗
你的微博号,罗浩
你玩微博吗,玩微博吗
你的联系电话,你
你电话多少,我想
给我你的电话号码,你
你有宗教信仰吗,到西阳光
你信什么,你就是魔
小伊能给我介绍一下宣誓大厅吗,抱一下大叔嘛
你的宗教是啥,宗教是啥
你家几个人,你
你是独生子女吗,妈
你家就你一个吗,
谁是你爸,
叫我爸爸,叫我爸爸
你爸是谁,那是谁
你妈妈是谁,那是谁
谁是你妈,
叫我妈妈,我
小伊能给我介绍一下初心课堂吗,小伊能给我介绍一下中心课堂
你有兄弟姐妹吗,
你哥们是谁,你
谁是你姐们儿,谁是你姐妹
你有子女吗,你
你孩子多大,你
你生孩子了么,我生孩子了
你有朋友吗,没有
你的朋友有哪些,你
谁是你的朋友,谁是你的朋友
你有女朋友吗,没有
小伊我想去宣誓大厅,小伊我想去宣誓大厅
你有女票吗,下午
你还没女朋友啊,美女
你做我女朋友吧,你
我想做你的男朋友,
你缺我这样的男朋友么,跟我这样子吗
你有男朋友吗,你有男朋友吗
你有男票吗,这样
你还没男朋友啊,还没男朋友啊
你做我男朋友吧,没有
我想做你女朋友,我想跟你做朋友
小伊我想去观众服务中心,我想去观众服务中心
你缺我这样的女朋友吗,有我这样的女朋友吗
你是单身狗吗,你是单身狗吗
你结婚了吗,的
你有对象吗,你有对象吗
你是我的什么,你是我的什么
你是我的谁,是我的谁
你算我的什么,我的什么
我是你的谁,我是你的谁
我算你什么人,我算你什么人
我是你的什么,我是你的什么
小伊我想去基本陈列,我想去基本陈列
你觉得华为怎么样,觉得房子怎么样
今天是什么日子,今天是什么日子
最近的电影院在哪里,最近的电影院在哪里
打开扫一扫,领导
日币是多少台币,多少
现在几点了,几点了
明天中午北京到上海的航班,北京到上海的航班
小伊我想去展厅,我想去找你
找夜上海的酒店,
讲个笑话给我听,这个笑话给我听
七星彩,
科比,科比
医院,1
餐厅,3
到大连金州坐火车需要多少个小时,到大连坐火车两个小时
小伊我想去纪念馆大厅,我想去宾馆吧
西瓜的英语,的
乡村爱情,
今天会下雨吗,今天会下雨吗
怎么联网,什么联网
给我说下今天限行,今天
报警电话,电话
逍遥游庄周,初中
交通如何,交通如何
我现在的位置,我现在的位置
小伊我想去洗手间,我想去洗手间
金牛,你
从贝瓦播放爸爸去哪儿加油版,你
你今年多大了,你今年多大了
播放轻音乐,
北京中关村附近的公交站,中关村附近的公交站
导航去机场停车场,导航去机场停车场
豆腐咋做,豆腐咋做
我明天的日程,的
设置明天的提醒,这
小伊我想去宣誓大厅咨询台,小伊我想去宣誓大厅咨询台
我要发信息,不要发信息
呼叫妈妈,妈妈
你是男的还是女的,难道他是女的
爱情是什么,爱情是什么
今天几月几日,今天几月几日
搜索附近的电影院,的
打开录音,打开录音
报时,暴食
小伊我想租借语音导览设备,我想搞好设备
小伊我想去纪念馆大厅咨询台,我想去宾馆大厅前台
明天下午北京到上海的航班,明天下午才能到上海
找一下附近的情趣酒店,找一下自己的情绪
讲个笑话好吗,讲个笑话好吗
请查昨晚双色球开奖结果,请查昨晚双色球开奖结果
华为的新闻,双鱼的心
军招行政村,
附近美食,美食
糖基股价是多少,价值多少
小伊我想去观众服务中心咨询台,小伊我想去关注
高铁,你
苹果的英语怎么说,你
非诚勿扰,非诚勿扰
今日天气,今日天气
我想上知乎,我想上去
广州限号,广州
香港火警电话,相关
读一首陆游的诗,读一首陆游的诗
今天出门堵车吗,今天
小伊我想去旧址,小伊我想去就去
我现在定位在哪里,现在在哪里
白羊,白羊
郭德纲相声,相声
你今年几岁,你今年几岁
我要听刘德华的歌,我要听刘德华的
公交车六路,65
导航去塘下工商局,长相上
螃蟹怎么弄啊,螃蟹怎么弄啊
小伊我想去一大会址,小伊我想去一大会址
我下周的日程,我下周的
帮我发短信求教,帮我发短信
党旗,党旗
闭馆,闭馆
开馆,开馆
一大会址,一大会址
小伊我想去博文女校,我想去博文学校
小伊我想去国旗广场,小伊我想去国旗广场
小伊我想去,小伊我想去
小伊出口在哪里,想一出口在哪里
小伊入口在哪里,小伊入口在哪里
小伊楼梯在哪里,小伊楼梯在哪
小伊我想归还党旗,小伊我想辉煌
小伊电梯在哪里,小伊电器在哪里
小伊扶梯在哪里,小伊在哪里
小伊安检区在哪里,小伊呀这是在哪里
小伊排队区在哪里,小伊排队机在哪里
小伊集合等候区在哪里,小伊和教授吃饭呢
小伊临时展厅扶梯在哪里,向日本展示其在
小伊我想去二大,小伊我想去二大
小伊我想去中共二大会址纪念馆,二蛋
小伊我想去四大,小伊我想去四大
小伊我想去中共四大纪念馆,小伊我想去中共四大纪念馆
小伊我想租借党旗,小伊我想借的
小伊我想去龙华烈士陵园,小伊我想去龙潭医院
小伊我想去中国共产党发起组成立地,小姨我想去中国共产党发起
小伊我想去中国共产党发起组成立地《新青年》编辑部旧址,我想去中国共产党发起成立星期天就是
小伊我想去团中央机关旧址,我想去中央机关旧址
小伊我想去周公馆,小伊我想去找你
小伊我想去中国劳动组合书记部,小伊我想去中国劳动组合书记部
小伊我想去医院,小伊我想去医院
小伊我想去地铁站,小伊我想去地铁站
小伊我想去公交站,小伊我想挑战
小伊我想去停车场,小伊我想去停车场
小伊我想盖纪念章,小伊我想跟你见面交易
怎么预约,怎么预约
怎么参观,参观
有什么教育活动,1
我想买党史书籍,我想买当时书籍
小伊我想买纪念品,小伊我想问
小伊我想提建议,小伊我想提建议
我要转人工,我
这个活动在哪里报名参加,参加
停止播放,
北京中关村附近的公交站,
帮我导航到佛山,我早晨到
鱼香肉丝怎么做,
设置日程,设计
打电话给老婆,
我爱你,我爱你
多长时间一趟班车,班车
你知道尼斯湖水怪是什么,不知道你是不是
除夕,除夕
附近的万达影院,万达影院
打开导航,打开导航
现在是几点钟,现在是几点钟
比赛,3
成人笑话,成人笑话
帮我买一注双色球,帮我买一注双色球
科技新闻,
我饿了,我饿了
创业板指数,创业板
附近哪个地铁站最近,的
英语,英语
如懿传,
消费满多少可减免停车费,消费多少停车费
天气,
打开淘宝,
帮我播报下今天的限行号码是什么,帮我播报下今天的潜艇号码是什么
顺丰快递电话,快递电话
来一首诗,你
查路况,查
帮我看一下我现在在哪里,帮我看一下我现在在哪里
天蝎座,天蝎座
放个屁吧,放个屁吧
一台车可免费停几个小时,免费
放音乐,放音乐
公交站,交代
查一下到汕头,查一下到3
红烧鱼怎么做,
设定闹钟,闹钟
拨打电话,拨打电话
你们招商电话是多少?,招商电话是多少
官方微信,官方微信
今天的天气,的
广州的天气,天气
大海为什么是蓝色,那孩子什么是蓝色
我东西找不到了,你找不到了
哈喽,的
嗨,
你好啊,
你好,好
你会干什么,干什么
你会干嘛,干嘛
你会什么,
你叫啥,叫啥
你是谁,你是谁
再见,再见
丢东西了,东西
拜拜,
告诉我轮滑的位置,告诉我文华的位置
在吗,你
我要到电影院,
卡丁车馆在哪里,名车馆在哪里
在不在,在不在
万宁在哪里,在哪里
广汽怎么走,请
唱歌,
谢谢,
请问有没有产后修复,请问有没有仓库出租
你毕业了么,
帮我唱首歌吧,帮我唱首歌吧
帮我放一首歌,帮我放一首歌吧
播放一首歌,播放一首歌
唱个歌,唱首歌
唱首歌,唱首歌
唱首歌吧,唱首歌
唱首歌呗,一首歌呗
唱首歌给我听吧,
你真笨,你
唱首歌来听吧,唱首歌来听听
唱首歌来听听,唱首歌来听听
唱一首歌吧,1
我要去超市,我要去超市
超市在哪里,你在哪里
超市在什么地方,当时在什么地方
车次表,车次表
车库在哪,车库在哪里
车停在哪里,你在哪里
大家好,大家好
笨蛋,
大门在哪里,你在哪里
地下停车场,
电影,电影
儿童乐园,儿童乐园
儿童乐园在哪里,儿童乐园在哪里
儿童玩具,儿童玩具
放首音乐,你
放一首歌给我听,唱一首歌给我听
给你唱歌,给你唱歌
现在几点,
给我唱首歌,给我唱首歌
给我唱一首儿歌,给我唱一首儿歌
给我唱一首歌,你
给我讲个笑话,你
给爷唱首歌,给爷唱首歌
广场在哪里,广场在哪里
华润万家在哪,华润万家在哪
滑滑梯在哪里,在
牛顿是谁,无论是谁
讲个笑,讲个笑话
讲很多笑话吧,讲很多笑话吧
讲一个笑话,讲一个笑话
叫什么名字,叫什么名字
今天天气怎么样,怎么样
看电影,看电影
李白的诗,李白的诗
麦当劳,麦当劳
世界上最高的山是什么,3
麦当劳在哪,麦当劳在哪
麦当劳在哪个位置,麦当劳在哪个位置
麦当劳在哪里,麦当劳在哪里
麦当劳在哪里呀,麦当劳在哪里呀
卖手机的,看手机的
门口在哪里,你在哪里
孟浩然有什么诗,浩然
面包店在哪里,你
哪里有冰淇淋,哪里有冰淇淋
哪里有超市,哪里有超市
最大的海是哪个,
哪里有儿童车,儿童车
哪里有儿童乐园,哪里有儿童乐园
哪里有最近的超市,最近的超市
哪有肯德基,哪有肯德基
耐克的店铺在哪里,耐克的店铺在哪里
耐克品牌店在哪里怎么走,耐克品牌店在哪里怎么走
你的名字叫什么,你叫什么
你多大呀,
你干嘛,干嘛
你给我唱首歌咯,给我唱首歌
面积最大的国家是哪个,你家是哪个
你还会再来一首吗,你还会再来一首吗
你好小唐,你好小唐
你好呀,肯定
你会唱歌吗,你会唱歌吗
你会跳舞吗,
你叫什么名字,叫什么名字
你是干什么的,你是干什么的
你是谁啊,你是谁呀
你是在哪呀,你是在哪呀
你现在在哪,你现在在哪
中国有多大,
你在干嘛,你在干嘛
在干什么,你在干什么
你在干什么,你在干什么呀
你在这里做什么,你在这里做什么
披萨在哪里,你在哪里
请唱一首歌吧,唱一首歌吧
请为我唱一首宝宝吧,为我唱一首宝宝吧
请问出口在哪里,请问你在哪里呢
请问有没有麦当劳,请问有没有麦当劳
中国是哪一年成立的,中国是哪一年成立的
去哪家餐厅,是
什么名字,什么名字
什么位置,什么位置
生活超市,生活超市
书店在哪里,书店在哪里
唐诗,陶瓷
唐诗吧,
停车,10
停车在哪里,哪里
童装,你
世界有几个大洲,你
万达在哪,他在哪儿
我来给你唱歌,我来给你唱歌
我问你在干什么,我问你在干什么
我想吃饭,我想吃饭
我想吃面,我想吃面
我想吃面包,我想吃面包
我想逛超市,我想
我想看电影,我想看电影
我想去麦当劳,我想去麦当劳
我要吃东西,我要的东西
世界上有多少国家,你
我要喝奶,要喝奶
我要喝奶茶,我要
我要拉屎,我要拉屎
我要去2楼,我要去2楼
我要去麦当劳,我要去麦当劳
我要走了,我要走了
小朋友在哪里玩,小朋友在哪里玩
小唐你现在在干嘛,小唐你现在在干嘛
小唐我想要唱一首歌,我想要唱一首歌
小唐小唐,小唐小唐
最长的河流是什么,德阳市
小唐小唐讲一个笑,小唐小唐讲一个笑话
小唐小唐说一个笑话,教堂教堂说一个笑话
一首歌,这首歌
一首唐诗,
永辉超市,
游泳的地方在哪里,游泳的地方在哪里
游泳馆在哪儿,在
有冰淇淋卖吗,吗
有玩具吗,环境
爱因斯坦是谁,谢谢
阅读是在哪里呀,你是在哪里呀
在干嘛呀,在干嘛呀
在干什么,在干什么
在哪,在哪儿呢
在哪个门口坐班车,在哪个门口坐班车
在哪里,在哪里
在哪里买,你
在哪里呀,在哪里呀
在什么位置,在
背一首唐诗,背一首唐诗
找超市有没有,小仓鼠有没有
这里最近的电梯是哪里,最近的是哪里
直上电梯在哪里,时尚在哪里
最近的门口在哪里,最近的门口在哪里
最近的卫生间,最近的卫生间
我的小孩不见了,怎么不见了
背一首李清照的诗,以前照的
我想听李白的诗,我想听李白的诗
我想听苏轼的诗,我想听苏轼的诗
背一首静夜思,背一首静夜思
我想听水调歌头,我想听水调歌头
你会背唐诗吗,会背唐诗吗
念一首宋词吧,一首宋词吧
你会背什么诗,会背什么诗
讲一首唐诗给我听,讲一首唐诗给我听
讲个笑话,讲个笑话
门口有车挡路了,门口有车挡住了
我想听笑话,想听笑话
说个笑话吧,笑话
有什么搞笑的故事,有什么搞笑的故事
讲个笑话故事,讲个笑话
讲笑话,讲笑话
说个搞笑的,说个搞笑的
说一个笑话,说一个笑话
有什么段子,有什么段子
讲个段子,讲
我是你爸爸,你
能不能帮我广播一下,你
刘德华是谁,得
圣诞节,示范
附近的电影院,电影院
打开微信,打开微信
一美元等于多少人民币,一美元等于多少人民币
现在几点了,现在几点了
明天早上吉林到长春的航班,明天早上几点到长春的航班
能不能查一下监控,查一下监控
酒店,酒店
播放笑话,你
帮我查一下双色球,帮我查一下双色球
体育新闻,体育新闻
附近有什么好吃的,附近有什么好吃的
华丽家族股票,华丽家族
我喜欢你用日语怎么说,我喜欢你
最近商场有哪些活动,3
小猪佩奇,小猪佩奇
打开浏览器,打开浏览器
帮我播报今天限行号码,帮我播报一下
麦当劳电话是多少,麦当劳电话
查看路况,查看
帮我定位现在的位置,你把我现在的
射手座,射手座
播放儿童歌曲,播放儿童歌曲
饿了,