小伊我想寄存,小伊我想寄存
小伊我想投诉,小伊我想投诉
小伊我想宣誓,小伊我想宣誓
国民党,国民党
台湾,台湾
小伊我想听讲解,小伊我想听讲解
绿岛,绿岛
文革,文革
六四,六四
蒋介石,蒋介石
你是谁,你是谁
你叫什么,你叫什么
你的名字是,你的名字是
你的制造商,你的制造商
谁是你的制造商,谁是你的制造商
你所属的制造商,你所属的制造商
小伊我想报名志愿者,小伊我想报名志愿者
你多大了,你多大了
你几岁,你几岁
你的年龄,你的年龄
你有性别吗,你有性别吗
你是男孩吗,你是男孩儿吗
你是男是女,你是男是女
你有什么兴趣爱好,你有什么兴趣爱好
你的爱好是什么,你的爱好是什么
你平时都喜欢做啥,你平时都喜欢做啥
你觉得自己帅吗,你觉得自己帅吗
小伊什么时间开馆,小伊什么时间开馆
你长得真奇怪,你长得真奇怪
你知道自己长啥样吗,你知道自己长啥样吗
你的技能是,你的技能是
你有啥技能,你有啥技能
你都会些什么,你都会些什么
你做啥的,你做啥的
你的工作是啥,你的工作是啥
你从事什么,你从事什么
你的语言是,你的语言是
你哪种语言交流,你哪种语言交流
小伊什么时间闭馆,交易什么时间闭馆
你会英语吗,你会英语吗
你的生日,你的生日
你几号生日,你几号生日
你哪天出生,你哪天出生
你属什么,你属什么
你的属相,你的属相
你的属相是啥,你的属相是啥
你的星座,你的星座
你什么星座的,你什么星座的
你的星座是啥,你的星座是啥
小伊能给我介绍一下中共一大纪念馆吗,小伊能给我介绍一下中共一大纪念馆吗
你哪个国家的,你哪个国家的
你的国籍是,你的国籍是
你来自哪个国家,你来自哪个国家
你哪里人,你哪里人
你出生地是哪,你出生地是哪
你老家哪儿的,你老家哪儿的
你多高啊,你多高啊
你怎么这么矮,你怎么这么矮
你身高多少啊,你身高多少啊
你多重啊,你多重啊
小伊能给我介绍一下旧址吗,小伊能给我介绍一下就职吗
你多少斤,你多少斤
你可真胖,你可真胖
你家在哪里,你家在哪里
你住哪儿,你住哪
你的地址是,你的地址是
你什么学校的,你什么学校的
你啥学历啊,你啥学历啊
你毕业了么,你毕业了吗
你老板是谁,你老板是谁
小伊能给我介绍一下一大会址吗,小伊能给我介绍一下一大会址吗
谁是你老板,谁是你老板
你能活多久,你能活多久
你寿命多长,你寿命多长
你有使用年限吗,你有使用年限吗
你姓啥,你姓啥
你的姓氏是,你的姓氏是
告诉我你姓什么,告诉我你姓什么
你是什么物种,你是什么物种
你属于哪类物种,你属于哪类物种
你所属的物种是什么,你所属的物种是什么
小伊能给我介绍一下博文女校吗,小伊能给我介绍一下
你联系方式是什么,你联系方式
留下你的联系方式,留下你的联系方式
怎么联系你,怎么联系你
你喜欢吃什么,你喜欢吃什么
你平时都吃啥,你平时都吃啥
你喜欢吃零食吗,你喜欢吃零食吗
你有微信吗,你有微信吗
你的微信号,你的微信号
我加一下你微信,我加一下你微信
你有微博吗,你有微博吗
小伊我想归还语音导览设备,小伊我想归还语音导览设备
小伊能给我介绍一下石库门吗,小伊给我介绍一下石库门吗
你的微博号,你的微博号
你玩微博吗,你玩微博吗
你的联系电话,你的联系电话
你电话多少,你电话多少
给我你的电话号码,给我你的电话号码
你有宗教信仰吗,你有宗教信仰吗
你信什么,你姓什么
小伊能给我介绍一下宣誓大厅吗,小伊能给我介绍一下宣誓大厅吗
你的宗教是啥,你的宗教是啥
你家几个人,你家几个人
你是独生子女吗,你是独生子女吗
你家就你一个吗,你家就你一个吗
谁是你爸,谁是你爸
叫我爸爸,叫我爸爸
你爸是谁,你爸是谁
你妈妈是谁,你妈妈是谁
谁是你妈,谁是你妈
叫我妈妈,叫我妈妈
小伊能给我介绍一下初心课堂吗,小伊能给我介绍一下初新课堂吗
你有兄弟姐妹吗,你有兄弟姐妹吗
你哥们是谁,你哥们是谁
谁是你姐们儿,谁是你姐们儿
你有子女吗,你有子女吗
你孩子多大,你孩子多大
你生孩子了吗,你生孩子了吗
你有朋友吗,你有朋友吗
你的朋友有哪些,你的朋友有哪些
谁是你的朋友,谁是你的朋友
你有女朋友吗,你有女朋友吗
小伊我想去宣誓大厅,小伊我想去宣誓大厅
你有女票吗,你有女票吗
你还没女朋友啊,你还没女朋友啊
你做我女朋友吧,你做我女朋友吧
我想做你的男朋友,我想做你的男朋友
你缺我这样的男朋友吗,你说我这样的男朋友吗
你有男朋友吗,你有男朋友吗
你有男票吗,你有男票吗
你还没男朋友啊,你还没男朋友啊
你做我男朋友吧,你做我男朋友吧
我想做你女朋友,我想做你女朋友
小伊我想去观众服务中心,小伊我想去观众服务中心
你缺我这样的女朋友吗,你缺我这样的女朋友吗
你是单身狗吗,你是单身狗吗
你结婚了吗,你结婚了吗
你有对象吗,你有对象吗
你是我的什么,你是我的什么
你是我的谁,你是我的谁
你算我的什么,你算我的什么
我是你的谁,我是你的谁
我算你什么人,我算你什么人
我是你的什么,我是你的什么
小伊我想去基本陈列,小伊我想去基本陈列
你觉得华为怎么样,你觉得华为怎么样
今天是什么日子,今天是什么日子
最近的电影院在哪里,最近的电影院在哪里
打开扫一扫,打开扫一扫
日币是多少台币,G币是多少台币
现在几点了,现在几点啦
明天中午北京到上海的航班,明天中午北京到上海的航班
小伊我想去展厅,小伊我想去展厅
找夜上海的酒店,找夜上海的酒店
讲个笑话给我听,讲个笑话给我听
七星彩,七星彩
科比,科比
医院,医院
餐厅,餐厅
到大连金州坐火车需要多少个小时,到大连金州坐火车需要多少个小时
小伊我想去纪念馆大厅,小伊我想去纪念馆大厅
西瓜的英语,西瓜的英语
乡村爱情,乡村爱情
今天会下雨吗,今天会下雨吗
怎么联网,怎么联网
给我说下今天限行,给我说下今天限行
报警电话,报警电话
逍遥游庄周,逍遥游庄周
交通如何,交通如何
我现在的位置,我现在的位置
小伊我想去洗手间,小伊我想去洗手间
金牛,金牛
从贝瓦播放爸爸去哪儿加油版,从贝瓦播放爸爸去哪儿加油版
你今年多大了,你今年多大了
播放轻音乐,播放轻音乐
北京中关村附近的公交站,北京中关村附近的公交站
导航去机场停车场,导航去机场停车场
豆腐咋做,豆腐咋做
我明天的日程,我明天的日程
设置明天的提醒,设置明天的提醒
小伊我想去宣誓大厅咨询台,小伊我想去宣誓大厅咨询台
我要发信息,我要发信息
呼叫妈妈,呼叫妈妈
你是男的还是女的,你是男的还是女的
爱情是什么,爱情是什么
今天几月几日,今天几月几日
搜索附近的电影院,搜索附近的电影院
打开录音,打开录音
报时,暴食
小伊我想租借语音导览设备,小伊我想租借语音导览设备
小伊我想去纪念馆大厅咨询台,小伊我想去纪念馆大厅咨询台
明天下午北京到上海的航班,明天下午北京到上海的航班
找一下附近的情趣酒店,找一下附近的情趣酒店
讲个笑话好吗,讲个笑话好吗
请查昨晚双色球开奖结果,请查昨晚双色球开奖的结果
华为的新闻,华为的新闻
军招行政村,军张行政村
附近美食,附近美食
糖基股价是多少,长期股价是多少
小伊我想去观众服务中心咨询台,小伊我想去观众服务中心
高铁,高铁
苹果的英语怎么说,苹果的英语怎么说
非诚勿扰,非诚勿扰
今日天气,今日天气
我想上知乎,我想上知乎
广州限号,广州限号
香港火警电话,香港火警电话
读一首陆游的诗,读一首陆游的诗
今天出门堵车吗,今天出门堵车吗
小伊我想去旧址,小伊我想去就职
我现在定位在哪里,我现在定位在哪里
白羊,白羊
郭德纲相声,郭德纲相声
你今年几岁,你今年几岁
我要听刘德华的歌,我要听刘德华的歌
公交车六路,公交车6路
导航去塘下工商局,导航去塘厦工商局
螃蟹怎么弄啊,螃蟹怎么弄啊
小伊我想去一大会址,小伊我想去一大会址
我下周的日程,我下周的日程
帮我发短信求教,帮我发短信求教
党旗,党旗
闭馆,闭馆
开馆,开馆
一大会址,一大会址
小伊我想去博文女校,小伊我想去博文女校
小伊我想去国旗广场,小伊我想去国旗广场
小伊我想去,小伊我想去
小伊出口在哪里,小伊出口在哪里
小伊入口在哪里,小伊入口在哪里
小伊楼梯在哪里,小伊楼梯在哪里
小伊我想归还党旗,小伊我想归还党旗
小伊电梯在哪里,小伊电梯在哪里
小伊扶梯在哪里,小伊扶梯在哪里
小伊安检区在哪里,小伊安检区在哪里
小伊排队区在哪里,小伊排队区在哪里
小伊集合等候区在哪里,小伊集合等候区在哪里
小伊临时展厅扶梯在哪里,小伊临时展厅扶梯在哪里
小伊我想去二大,小伊我想去澳大
小伊我想去中共二大会址纪念馆,小伊我想去中共二大会址纪念馆
小伊我想去四大,小姨我想去四大
小伊我想去中共四大纪念馆,小姨我想去中共四大纪念馆
小伊我想租借党旗,小伊我想租借党旗
小伊我想去龙华烈士陵园,小伊我想去龙华烈士陵园
小伊我想去中国共产党发起组成立地,小伊我想去中国共产党发起组成立第
小伊我想去中国共产党发起组成立地《新青年》编辑部旧址,小伊我想去中国共产党发起组成立的新青年编辑部旧址