小伊我想寄存,小艺我想寄存
小伊我想投诉,我想投诉
小伊我想宣誓,小一我想宣誓
国民党,国米早
台湾,台湾
小伊我想听讲解,小一我想听讲解
绿岛,绿岛
文革,文革
六四,六四
蒋介石,蒋介石
你是谁,你是谁
你叫什么,你叫什么
你的名字是,你的名字是
你的制造商,你的制造商
谁是你的制造商,谁是你的制造商
你所属的制造商,你所属的纪照商
小伊我想报名志愿者,小一我想报名志愿者
你多大了,你多大了
你几岁,你几岁
你的年龄,你的年龄
你有性别吗,你有性别吗
你是男孩吗,你是男孩吗
你是男是女,你是男性女
你有什么兴趣爱好,你有什么兴趣爱好
你的爱好是什么,你的爱好是什么
你平时都喜欢做啥,你平时都喜欢做啥
你觉得自己帅吗,你觉得自己帅吗
小伊什么时间开馆,开馆
你长得真奇怪,长得真奇怪
你知道自己长啥样吗,你知道自己长啥样吗
你的技能是,你的技能是
你有啥技能,你有啥技能
你都会些什么,你都会写什么
你做啥的,做啥的
你的工作是啥,你的工作是啥
你从事什么,你从事什么
你的语言是,你的语言是
你哪种语言交流,你哪种语言交流
小伊什么时间闭馆,小艺什么时间闭馆
你会英语吗,喂英语不
你的生日,你的生日
你几号生日,你起号生日
你哪天出生,你哪天出生
你属什么,你属什么
你的属相,你的属相
你的属相是啥,你的属相是啥
你的星座,你的星座
你什么星座的,你什么星座的
你的星座是啥,你的星座是啥
小伊能给我介绍一下中共一大纪念馆吗,交易给我介绍一下中共一大纪念馆吧
你哪个国家的,你哪个国家的
你的国籍是,你的国籍是
你来自哪个国家,你来问哪个国家
你哪里人,你哪里人
你出生地是哪,你出生地是
你老家哪儿的,你老家的
你多高啊,你多高啊
你怎么这么矮,你怎么这么矮
你身高多少啊,你身高多少啊
你多重啊,你说重了
小伊能给我介绍一下旧址吗,小艺能给我介绍一下旧址吗
你多少斤,你多少斤
你可真胖,你可真胖
你家在哪里,家在哪里
你住哪儿,你住哪
你的地址是,你的地址是
你什么学校的,你什么学校的
你啥学历啊,你啥学历啊
你毕业了么,你毕业了吗
你老板是谁,你老板是谁
小伊能给我介绍一下一大会址吗,小一能给我介绍一下一大绘制吗
谁是你老板,谁是你老板
你能活多久,你能活多久
你寿命多长,寿命多长
你有使用年限吗,嗯
你姓啥,骗啥
你的姓氏是,你的姓氏是
告诉我你姓什么,告诉我你信什么
你是什么物种,你是什么物种
你属于哪类物种,你属于哪类物种
你所属的物种是什么,你何属的不种是什么
小伊能给我介绍一下博文女校吗,交易能给我介绍一下文文女校吗
你联系方式是什么,你联系方式是什么
留下你的联系方式,留下你的联系方式
怎么联系你,怎么联系你
你喜欢吃什么,你喜欢吃什么
你平时都吃啥,嗯
你喜欢吃零食吗,你喜欢吃零食吗
你有微信吗,你有微信吗
你的微信号,你的微信号
我加一下你微信,嗯
你有微博吗,你有微博吗
小伊我想归还语音导览设备,小姨我想归还语音导览设备
小伊能给我介绍一下石库门吗,小姨流吗
你的微博号,你的微博号
你玩微博吗,你玩微博吗
你的联系电话,去电话
你电话多少,电话多少
给我你的电话号码,别问你人电话号码
你有宗教信仰吗,六中要信仰光
你信什么,你姓什么
小伊能给我介绍一下宣誓大厅吗,小一能给我介绍一下宣誓
你的宗教是啥,你的宗教是啥
你家几个人,加几个人
你是独生子女吗,四头三子语吗
你家就你一个吗,在这里饿吗
谁是你爸,我爸
叫我爸爸,叫我爸爸
你爸是谁,大是谁
你妈妈是谁,妈妈是谁
谁是你妈,我妈
叫我妈妈,叫我妈妈
小伊能给我介绍一下初心课堂吗,小你能给我介绍一下粗心课堂吗
你有兄弟姐妹吗,你有兄弟姐妹吗
你哥们是谁,哥们是谁
谁是你姐们儿,谁是你减温
你有子女吗,呢
你孩子多大,博大
你生孩子了吗,生孩子了吗
你有朋友吗,你有很有么
你的朋友有哪些,有哪些
谁是你的朋友,谁生你的朋友
你有女朋友吗,有女朋友吗
小伊我想去宣誓大厅,小艺我想去宣誓大厅
你有女票吗,票哦
你还没女朋友啊,还没女朋友啊
你做我女朋友吧,我女只有吧
我想做你的男朋友,我想做几个男朋友
你缺我这样的男朋友吗,学我这样子
你有男朋友吗,你有男朋友吗
你有男票吗,笑了
你还没男朋友啊,你还没男朋友啊
你做我男朋友吧,那我的朋友吧
我想做你女朋友,我想做你女朋友
小伊我想去观众服务中心,小一我想去观众服务中心
你缺我这样的女朋友吗,你缺我这样的女朋友吗
你是单身狗吗,不是单身狗吗
你结婚了吗,结婚了吗
你有对象吗,你有对象吗
你是我的什么,你是我的什么
你是我的谁,你是我的谁
你算我的什么,看我的什么
我是你的谁,
我算你什么人,我叫你什么人
我是你的什么,我是你的什么
小伊我想去基本陈列,小一我想去基本城列
你觉得华为怎么样,别的华为怎么样
今天是什么日子,今天是什么日子
最近的电影院在哪里,最近的电影院在哪里
打开扫一扫,打开扫一扫
日币是多少台币,越币是多少台币
现在几点了,现在几点啦
明天中午北京到上海的航班,明天中午北京到上海的航班
小伊我想去展厅,小一我想去展厅
找夜上海的酒店,找夜商牌的酒店
讲个笑话给我听,讲个笑话给我听
七星彩,七仙彩
科比,科比
医院,医院
餐厅,开心
到大连金州坐火车需要多少个小时,到大连金周过火车需要多少个小时
小伊我想去纪念馆大厅,小一我想去纪念馆大厅
西瓜的英语,西瓜的音乐
乡村爱情,交通爱情
今天会下雨吗,今天会下雨吗
怎么联网,什么联网
给我说下今天限行,给我说下今天顺行
报警电话,报警电话
逍遥游庄周,逍遥游庄周
交通如何,交出如何
我现在的位置,我现在的位置
小伊我想去洗手间,小一我想去洗手间
金牛,金牛
从贝瓦播放爸爸去哪儿加油版,除会晚播放去哪啊嘉宾馆
你今年多大了,今天多大了
播放轻音乐,播放轻音乐
北京中关村附近的公交站,北京中关城附近的公交站
导航去机场停车场,导航去机场
豆腐咋做,豆腐咋做
我明天的日程,我明天的日子
设置明天的提醒,设置明天的提醒
小伊我想去宣誓大厅咨询台,小一我想去宣誓大厅资讯台
我要发信息,我发信息
呼叫妈妈,肉妈妈
你是男的还是女的,你是难道还是女的
爱情是什么,爱心是什么
今天几月几日,今天起月十日
搜索附近的电影院,说服的对理
打开录音,打开录音
报时,到时
小伊我想租借语音导览设备,小一我想租借语音导航设备
小伊我想去纪念馆大厅咨询台,小一我想去纪念馆大厅咨询台
明天下午北京到上海的航班,明天下午北京到上海的航班
找一下附近的情趣酒店,找一下附近的情绪酒店
讲个笑话好吗,讲个笑话好吗
请查昨晚双色球开奖结果,请查昨晚双射球开奖的结果
华为的新闻,华瑞的新闻
军招行政村,张旗政村
附近美食,店美食
糖基股价是多少,长期股价是多少
小伊我想去观众服务中心咨询台,小一我想去观众服务中心咨询台
高铁,高铁
苹果的英语怎么说,苹果的英语怎么说
非诚勿扰,非诚勿扰
今日天气,今日天气
我想上知乎,我想上局
广州限号,广州限号
香港火警电话,香港火警电话
读一首陆游的诗,读一首鹿流的诗
今天出门堵车吗,今天出门堵车吗
小伊我想去旧址,小一我想去旧址
我现在定位在哪里,我现在定位在哪里
白羊,白表
郭德纲相声,郭德纲相声
你今年几岁,你今年几岁
我要听刘德华的歌,我要听刘德华的歌
公交车六路,公交车六路
导航去塘下工商局,导航去塘厦工商局
螃蟹怎么弄啊,螃蟹怎么动啊
小伊我想去一大会址,小艺我想去一大会场
我下周的日程,我下周的日程
帮我发短信求教,帮我发短信求教
党旗,党旗
闭馆,闭馆
开馆,开管
一大会址,一大废纸
小伊我想去博文女校,小艺我想去国文语校
小伊我想去国旗广场,小鸡我想去国旗广场
小伊我想去,小姨我想去
小伊出口在哪里,小一出口在哪里
小伊入口在哪里,小弟路口在哪里
小伊楼梯在哪里,小一楼梯在哪里
小伊我想归还党旗,小艺我想辉煌打气
小伊电梯在哪里,小机电池在哪里
小伊扶梯在哪里,小衣服踢在哪里
小伊安检区在哪里,小姨阿姐是在哪里
小伊排队区在哪里,小姨排队取在哪里
小伊集合等候区在哪里,小艺集合等后期代码
小伊临时展厅扶梯在哪里,小一临时展厅服期在哪里
小伊我想去二大,小姨我想去澳大
小伊我想去中共二大会址纪念馆,小姨我想去中顾二代会址新年
小伊我想去四大,小迪我想去四大
小伊我想去中共四大纪念馆,小姨我想去周末四大纪念馆
小伊我想租借党旗,小一我想租借党籍
小伊我想去龙华烈士陵园,小一我想是龙华烈士理员
小伊我想去中国共产党发起组成立地,小姨我想去中国共产党在阿奇祖成立地
小伊我想去中国共产党发起组成立地《新青年》编辑部旧址,小艺我想去中国共产党发起成立地新青年编辑部就职
小伊我想去团中央机关旧址,小艺我想去团中央机关救治
小伊我想去周公馆,小艺我想吃粥
小伊我想去中国劳动组合书记部,小姨我想去中国劳工组合起步
小伊我想去医院,小鸡我想去医院
小伊我想去地铁站,小姨我想去地铁站
小伊我想去公交站,小鸡我想去公交站
小伊我想去停车场,小艺我想去停车场
小伊我想盖纪念章,小艺我想盖纪念章
怎么预约,怎么预约
怎么参观,怎么参观
有什么教育活动,什么教育活动
我想买党史书籍,我想买房子书籍
小伊我想买纪念品,小艺我想买纪念品
小伊我想提建议,小艺我想提建议
我要转人工,我要走人工
这个活动在哪里报名参加,在哪里茂名参加
停止播放,天气播报
北京中关村附近的公交站,附近的公交站
帮我导航到佛山,帮我导航到佛山
鱼香肉丝怎么做,取消鲁斯怎么做
设置日程,设置日常
打电话给老婆,打电话给老婆
我爱你,我爱你
多长时间一趟班车,多长时间一趟班车
你知道尼斯湖水怪是什么,你知道你似湖水怪爱是什么
除夕,嗯
附近的万达影院,普及的万达影援
打开导航,打开导航
现在是几点钟,现在是几点钟
比赛,在
成人笑话,成人笑话
帮我买一注双色球,帮我买一束双色球
科技新闻,科气喜欢
我饿了,我饿了
创业板指数,创业晚几伏
附近哪个地铁站最近,附近打个地铁站最近
英语,英语
如懿传,一段
消费满多少可减免停车费,消费满多少可减免停车费
天气,天气