小伊我想寄存,我想技术
小伊我想投诉,我想投诉
小伊我想宣誓,我想说的是
国民党,
台湾,
小伊我想听讲解,我想听讲解
绿岛,绿岛
文革,文格
六四,
蒋介石,蒋介石
你是谁,你是谁
你叫什么,你叫什么
你的名字是,
你的制造商,你的制造商
谁是你的制造商,谁是你的制造商
你所属的制造商,被告方
小伊我想报名志愿者,我想报名志愿者
你多大了,
你几岁,
你的年龄,
你有性别吗,你有性别吗
你是男孩吗,你是男孩吗
你是男是女,你是男是女
你有什么兴趣爱好,你有什么兴趣爱好
你的爱好是什么,的爱好是什么
你平时都喜欢做啥,其实都喜欢做什么
你觉得自己帅吗,觉得自己帅吗
小伊什么时间开馆,什么时间开馆
你长得真奇怪,你讲的坚持
你知道自己长啥样吗,知道自己长啥样子
你的技能是,你的技能是
你有啥技能,你有啥技能
你都会些什么,你都会些什么
你做啥的,做啥的
你的工作是啥,你的工作是什么
你从事什么,你从事什么
你的语言是,你的语言是
你哪种语言交流,你拿出语言交流
小伊什么时间闭馆,什么时间闭馆
你会英语吗,
你的生日,的生日
你几号生日,你几号生日
你哪天出生,你哪天出生
你属什么,你属什么
你的属相,这个是一项
你的属相是啥,你的选项是啥
你的星座,这个工作
你什么星座的,你什么星座的
你的星座是啥,你的工作是啥
小伊能给我介绍一下中共一大纪念馆吗,能给我介绍一下中共一大纪念馆吗
你哪个国家的,你哪个国家的
你的国籍是,你的国籍是
你来自哪个国家,你来自哪个国家
你哪里人,哪里人
你出生地是哪,封闭式的
你老家哪儿的,你老家哪的
你多高啊,多高啊
你怎么这么矮,怎么这么
你身高多少啊,身高多少啊
你多重啊,多重啊
小伊能给我介绍一下旧址吗,能给我介绍一下就职吗
你多少斤,你多少斤
你可真胖,一个真胖
你家在哪里,家在哪里
你住哪儿,住呢
你的地址是,你的地址是
你什么学校的,你是学校的
你啥学历啊,你啥学历啊
你毕业了么,你毕业了吗
你老板是谁,你老板是
小伊能给我介绍一下一大会址吗,能给我介绍一下一大会址
谁是你老板,谁是你老板
你能活多久,你能活多久
你寿命多长,寿命多长
你有使用年限吗,你有使用年限吗
你姓啥,你姓啥
你的姓氏是,你的姓氏是
告诉我你姓什么,告诉我你姓什么
你是什么物种,你是什么物种
你属于哪类物种,属于哪类物种
你所属的物种是什么,你所属的物种是什么
小伊能给我介绍一下博文女校吗,能给我介绍一下服务有效吗
你联系方式是什么,你联系方式是什么
留下你的联系方式,留下你的联系方式
怎么联系你,怎么联系你
你喜欢吃什么,你喜欢吃什么
你平时都吃啥,你平时都吃啥
你喜欢吃零食吗,你喜欢吃零食吗
你有微信吗,你有微信吗
你的微信号,你的微信号
我加一下你微信,我将一下
你有微博吗,你有微博吗
小伊我想归还语音导览设备,我想辉煌与
小伊能给我介绍一下石库门吗,能给我介绍一下不能吗
你的微博号,这个微博号
你玩微博吗,你玩微博吗
你的联系电话,
你电话多少,
给我你的电话号码,
你有宗教信仰吗,你有宗教信仰吗