小伊我想寄存,我想继承
小伊我想投诉,我想投诉
小伊我想宣誓,我想宣誓
国民党,国民党
台湾,台湾
小伊我想听讲解,我想听讲解
绿岛,绿岛
文革,文格
六四,六四
蒋介石,蒋介石
你是谁,你是谁
你叫什么,你叫什么
你的名字是,你的名字是
你的制造商,你的制造商
谁是你的制造商,谁是你的制造商
你所属的制造商,你所属的制造商
小伊我想报名志愿者,小一我想报名志愿者
你多大了,多大了
你几岁,你几岁
你的年龄,你的年龄
你有性别吗,你有性别吗
你是男孩吗,你是男孩吗
你是男是女,你是男是女
你有什么兴趣爱好,你有什么兴趣爱好
你的爱好是什么,你的爱好是什么
你平时都喜欢做啥,我
你觉得自己帅吗,你觉得自己帅吗
小伊什么时间开馆,什么时间开馆
你长得真奇怪,你长得真奇怪
你知道自己长啥样吗,你知道自己长啥样吗
你的技能是,你的技能是
你有啥技能,你有啥技能
你都会些什么,你都会先的啊
你做啥的,做啥的
你的工作是啥,你的工作是啥
你从事什么,你从事什么
你的语言是,你的语言是
你哪种语言交流,你哪种语言交流
小伊什么时间闭馆,周末时间闭馆
你会英语吗,会英语吗
你的生日,你的生日
你几号生日,你几号生日
你哪天出生,你哪天出生
你属什么,读什么
你的属相,你的属相
你的属相是啥,你的属相是啥
你的星座,这个胸部
你什么星座的,你什么星座的
你的星座是啥,你的星座是啥
小伊能给我介绍一下中共一大纪念馆吗,能给我介绍一下中共一大纪念馆吗
你哪个国家的,你哪个国家的
你的国籍是,你的国籍是
你来自哪个国家,你来自哪个国家
你哪里人,你哪里人
你出生地是哪,你出生地是哪
你老家哪儿的,你老家哪的
你多高啊,你多高啊
你怎么这么矮,怎么这么
你身高多少啊,身高多少啊
你多重啊,多重啊
小伊能给我介绍一下旧址吗,能给我介绍一下旧址吗
你多少斤,你多少斤
你可真胖,可真怕
你家在哪里,家在哪里
你住哪儿,辅助呢
你的地址是,你的地址是
你什么学校的,你什么学校的
你啥学历啊,你啥学历啊
你毕业了么,你毕业了吗
你老板是谁,你老板
小伊能给我介绍一下一大会址吗,能给我介绍一下一大会址吗
谁是你老板,谁是你老板
你能活多久,你能活
你寿命多长,要多久
你有使用年限吗,你有使用年限吗
你姓啥,D啥
你的姓氏是,你的姓氏是
告诉我你姓什么,告诉我你姓什么
你是什么物种,你是什么物种
你属于哪类物种,你属于哪个
你所属的物种是什么,你所属的物种是什么
小伊能给我介绍一下博文女校吗,能给我介绍一下博文女校吗
你联系方式是什么,你联系方式
留下你的联系方式,留下你的联系方式
怎么联系你,怎么联系
你喜欢吃什么,翻成什么
你平时都吃啥,你平时
你喜欢吃零食吗,你喜欢吃零食吗
你有微信吗,你有微信吗
你的微信号,微博吗
我加一下你微信,有异议
你有微博吗,
小伊我想归还语音导览设备,我想归还语音导览设备
小伊能给我介绍一下石库门吗,能给我介绍一下
你的微博号,那个微博号
你玩微博吗,你玩微博吗
你的联系电话,
你电话多少,
给我你的电话号码,号码
你有宗教信仰吗,你有宗教