小伊我想寄存,小艺我想记错
小伊我想投诉,小雨我想投诉
小伊我想宣誓,我想宣誓
国民党,国民党
台湾,台湾
小伊我想听讲解,小一我想听讲解
绿岛,嗯
文革,文革
六四,六四
蒋介石,蒋介石
你是谁,你是谁
你叫什么,你叫什么
你的名字是,你的名字是
你的制造商,你的计造商
谁是你的制造商,谁是你的制作中
你所属的制造商,你所属的纪道伤
小伊我想报名志愿者,小一我想报名训练者
你多大了,多大了
你几岁,你几岁
你的年龄,你的年龄
你有性别吗,你有性别吗
你是男孩吗,你是男孩吗
你是男是女,你是男是女
你有什么兴趣爱好,你有什么兴趣爱好
你的爱好是什么,你的爱好
你平时都喜欢做啥,你平时都喜欢做呀
你觉得自己帅吗,觉得自己帅不
小伊什么时间开馆,
你长得真奇怪,你长得真奇怪
你知道自己长啥样吗,你知道自己长啥样好
你的技能是,你的技能是
你有啥技能,你有啥记的
你都会些什么,你都会写什么
你做啥的,嗯
你的工作是啥,嗯
你从事什么,你从事什么
你的语言是,你的语言是
你哪种语言交流,你哪种语言交流
小伊什么时间闭馆,交易什么时间闭馆
你会英语吗,你会英语吗
你的生日,你的生日
你几号生日,一号生日
你哪天出生,你哪天出生
你属什么,读什么
你的属相,你的属相
你的属相是啥,你的属相是啥
你的星座,你的星座
你什么星座的,你什么星座的
你的星座是啥,你的新货是啥
小伊能给我介绍一下中共一大纪念馆吗,一能给我介绍一下中共一大纪念馆吗
你哪个国家的,你哪个国家的
你的国籍是,你的国旗是
你来自哪个国家,你来自哪个国家
你哪里人,你哪里人
你出生地是哪,你出生地逝
你老家哪儿的,你老家哪的
你多高啊,你多高啊
你怎么这么矮,你怎么这么矮
你身高多少啊,身高多少
你多重啊,你多重了
小伊能给我介绍一下旧址吗,小一能给我介绍一下旧址吗
你多少斤,你多少斤
你可真胖,江浩
你家在哪里,家在哪里
你住哪儿,住的
你的地址是,你的地址是
你什么学校的,你什么学校的
你啥学历啊,啥学历啊
你毕业了么,毕业了吗
你老板是谁,你老板是谁
小伊能给我介绍一下一大会址吗,小一大一大会者
谁是你老板,谁是你老板
你能活多久,你能活多久
你寿命多长,寿密多长
你有使用年限吗,你有使用棉线吗
你姓啥,屁啥
你的姓氏是,你的姓氏是
告诉我你姓什么,告诉我你信什么
你是什么物种,你是什么物种
你属于哪类物种,以属于哪类物种
你所属的物种是什么,你所属的物种是什么
小伊能给我介绍一下博文女校吗,小一葫芦文女校吗
你联系方式是什么,你联系方式是什么
留下你的联系方式,留下你的联系方式
怎么联系你,怎么联系你
你喜欢吃什么,你喜欢吃什么
你平时都吃啥,你平时都吃啥
你喜欢吃零食吗,你喜欢吃脸
你有微信吗,你有微信吗
你的微信号,你的微信
我加一下你微信,嗯
你有微博吗,你有微博吗
小伊我想归还语音导览设备,小姨我想归还五婴导览设备
小伊能给我介绍一下石库门吗,幺一能给我介绍一下徐部门吗
你的微博号,你的微博
你玩微博吗,你玩微博吗
你的联系电话,
你电话多少,电话国少
给我你的电话号码,号码
你有宗教信仰吗,你有宗教信仰吗
你信什么,定审国
小伊能给我介绍一下宣誓大厅吗,幺一能给我介绍一下宣誓大厅吗
你的宗教是啥,我中药是傻
你家几个人,家几个人
你是独生子女吗,四国三子语吗吗
你家就你一个吗,你在这里
谁是你爸,嗯
叫我爸爸,嗯
你爸是谁,谁
你妈妈是谁,妈妈是谁
谁是你妈,黑是五吗
叫我妈妈,叫我妈妈
小伊能给我介绍一下初心课堂吗,幺一留给我介绍一下初新课堂吗
你有兄弟姐妹吗,你有兄弟姐妹吗
你哥们是谁,哥们是谁
谁是你姐们儿,谁是你姐们
你有子女吗,吗
你孩子多大,大
你生孩子了吗,生孩子了呢
你有朋友吗,有没有吗