小伊我想寄存,小一我想替腿
小伊我想投诉,交易
小伊我想宣誓,小一我想宣誓
国民党,国民党
台湾,台湾
小伊我想听讲解,小一我想听杨姐
绿岛,嗯
文革,文革
六四,六四
蒋介石,蒋介石
你是谁,你是谁
你叫什么,你叫什么
你的名字是,你的名字是
你的制造商,你的制造商
谁是你的制造商,谁是你的制造商
你所属的制造商,你所属的纪照商
小伊我想报名志愿者,小一我想报名志愿
你多大了,你多大了
你几岁,你几岁
你的年龄,你的年龄
你有性别吗,你有姓名吗
你是男孩吗,你是男孩吗
你是男是女,你是男性女
你有什么兴趣爱好,你有什么兴趣爱好
你的爱好是什么,你的爱好是谁
你平时都喜欢做啥,平时都喜欢
你觉得自己帅吗,你觉得自己帅不
小伊什么时间开馆,小一什么时间开馆
你长得真奇怪,你长得真奇怪
你知道自己长啥样吗,你知道自己长啥样
你的技能是,你的技能是
你有啥技能,你有啥技能
你都会些什么,你都会写什么
你做啥的,嗯
你的工作是啥,你的工作指导
你从事什么,你从事什么
你的语言是,你的语言是
你哪种语言交流,你哪种语言交流
小伊什么时间闭馆,小什么时间一管
你会英语吗,你会英语吗
你的生日,你的生日
你几号生日,以几号生日
你哪天出生,你哪天出
你属什么,你属什么
你的属相,你的属相
你的属相是啥,你的属相是啥
你的星座,你的星座
你什么星座的,你什么星座的
你的星座是啥,你的星座是啥
小伊能给我介绍一下中共一大纪念馆吗,小一能给我介绍一下中共一大纪念
你哪个国家的,你哪个国家的
你的国籍是,你的国籍是
你来自哪个国家,你来自哪个国家
你哪里人,你哪里人
你出生地是哪,你出生地事了
你老家哪儿的,你老家哪的
你多高啊,你多高啊
你怎么这么矮,你怎么这么
你身高多少啊,你身高多少啊
你多重啊,你说中了
小伊能给我介绍一下旧址吗,小一能给我介绍一下旧址吗
你多少斤,你多少斤
你可真胖,你可将唱
你家在哪里,家在哪里
你住哪儿,嗯
你的地址是,你的地址是
你什么学校的,你什么学校的
你啥学历啊,你啥学历啊
你毕业了么,你毕业了吗
你老板是谁,你老板是谁
小伊能给我介绍一下一大会址吗,小一能给我介绍一
谁是你老板,谁是你老板
你能活多久,你能活多久
你寿命多长,你寿命多长
你有使用年限吗,你有使用年限吗
你姓啥,你姓啥
你的姓氏是,你的姓氏
告诉我你姓什么,告诉我你信什么
你是什么物种,你是什么物种
你属于哪类物种,以辅于哪类物种
你所属的物种是什么,你所属的物
小伊能给我介绍一下博文女校吗,小一能给我介绍一下符文女校吗
你联系方式是什么,你联系方式是什么
留下你的联系方式,留下你的联系方式
怎么联系你,怎么联系你
你喜欢吃什么,你喜欢吃什么
你平时都吃啥,你平时都吃啥
你喜欢吃零食吗,你喜欢吃零食
你有微信吗,你有微信吗
你的微信号,你的微信号
我加一下你微信,我加一下你微信
你有微博吗,你有微博吗
小伊我想归还语音导览设备,小一我想归还语音导览设备
小伊能给我介绍一下石库门吗,小一给我介绍一下石库恒吗
你的微博号,你的微博号
你玩微博吗,你玩微博吗
你的联系电话,去电话
你电话多少,电话国少
给我你的电话号码,你的电话号码
你有宗教信仰吗,你有宗教信仰吗
你信什么,你姓什么
小伊能给我介绍一下宣誓大厅吗,小一能给我介绍一下宣誓大厅吗
你的宗教是啥,
你家几个人,嗯
你是独生子女吗,是不是子女吗
你家就你一个吗,你在这里一个吗
谁是你爸,你爸
叫我爸爸,叫我爸爸
你爸是谁,你大是谁
你妈妈是谁,妈妈是谁
谁是你妈,五吗
叫我妈妈,叫我妈妈
小伊能给我介绍一下初心课堂吗,教你给我介绍一下初新课堂吗
你有兄弟姐妹吗,有兄弟姐妹吗
你哥们是谁,哥们是谁
谁是你姐们儿,谁是你姐妹的
你有子女吗,你的侄女吗
你孩子多大,大
你生孩子了吗,生孩子的了
你有朋友吗,你有朋友不