小伊我想寄存,小一我想继承
小伊我想投诉,我想投诉
小伊我想宣誓,小丽我想宣誓
国民党,国米岛
台湾,嗯
小伊我想听讲解,小一我想听讲解
绿岛,绿岛
文革,文革
六四,六四
蒋介石,蒋介石
你是谁,你是谁
你叫什么,你叫什么
你的名字是,你的名字是
你的制造商,你的制造商
谁是你的制造商,谁是你的制造商
你所属的制造商,的纪照桩
小伊我想报名志愿者,有一我想报名志愿者
你多大了,我多大了
你几岁,你几岁
你的年龄,你的年龄
你有性别吗,你有性别吗
你是男孩吗,你是南门吗
你是男是女,你是男是女
你有什么兴趣爱好,你有什么兴趣爱好
你的爱好是什么,你的爱好是什么
你平时都喜欢做啥,你平时
你觉得自己帅吗,你觉得自己帅吗
小伊什么时间开馆,什么时间开关
你长得真奇怪,你长的新奇怪
你知道自己长啥样吗,你知道自己长啥样吗
你的技能是,你的技能是
你有啥技能,你有啥地的
你都会些什么,你都会写的
你做啥的,你做啥的
你的工作是啥,你的工作
你从事什么,你同事什么
你的语言是,你的语言是
你哪种语言交流,你哪种语言交流
小伊什么时间闭馆,小艺什么时间闭馆
你会英语吗,你会英语吗
你的生日,你的生日
你几号生日,你几号生日
你哪天出生,
你属什么,嗯
你的属相,你的属相
你的属相是啥,你的属相是啥
你的星座,你的星座
你什么星座的,你怎么星座
你的星座是啥,你的经过是啥
小伊能给我介绍一下中共一大纪念馆吗,小易能给我介绍一下中共一大吉人馆吗
你哪个国家的,你哪个国家的
你的国籍是,你的国籍是
你来自哪个国家,你来自哪个国家
你哪里人,你哪里人
你出生地是哪,你出生地事
你老家哪儿的,你老家哪
你多高啊,你多高啊
你怎么这么矮,你怎么这么矮
你身高多少啊,嗯
你多重啊,嗯
小伊能给我介绍一下旧址吗,交易给我介绍一下旧址吗
你多少斤,你多少斤
你可真胖,一个真胖
你家在哪里,家在哪里
你住哪儿,住哪
你的地址是,你的地址是
你什么学校的,你什么学校的
你啥学历啊,啥写理啊
你毕业了么,毕业了吗
你老板是谁,你老板是谁
小伊能给我介绍一下一大会址吗,小一能给我介绍一下一大惠子吗
谁是你老板,谁是你老板
你能活多久,你能活多久
你寿命多长,寿命多长
你有使用年限吗,你有使用
你姓啥,你姓啥
你的姓氏是,你的姓氏是
告诉我你姓什么,告诉我你信什么
你是什么物种,你是什么物种
你属于哪类物种,你属于哪类物种
你所属的物种是什么,你和数的
小伊能给我介绍一下博文女校吗,有一能给我介绍一下哺文笑吗
你联系方式是什么,你联系方式是什么
留下你的联系方式,留下你的联系方式
怎么联系你,怎么联系你
你喜欢吃什么,喜欢吃什么
你平时都吃啥,你平时都吃
你喜欢吃零食吗,你喜欢吃零食
你有微信吗,你有微信吗
你的微信号,你的微信号
我加一下你微信,我加一下你微信
你有微博吗,你有微博吗
小伊我想归还语音导览设备,小艺我想辉煌语音导码设备
小伊能给我介绍一下石库门吗,幺一能给我介绍一下去部门吗
你的微博号,找微博号
你玩微博吗,你玩微博吗
你的联系电话,嗯
你电话多少,电话我
给我你的电话号码,别问你的电话号码
你有宗教信仰吗,要中教信仰高
你信什么,你姓沈国
小伊能给我介绍一下宣誓大厅吗,小一请给我介绍一下宣誓大叔吗
你的宗教是啥,我中药是啥
你家几个人,该一个人
你是独生子女吗,四合学的
你家就你一个吗,在这里
谁是你爸,学习不爸
叫我爸爸,叫我爸爸
你爸是谁,大是谁
你妈妈是谁,妈妈是谁
谁是你妈,啊
叫我妈妈,嗯
小伊能给我介绍一下初心课堂吗,交易能给我介绍一下初心课堂吗
你有兄弟姐妹吗,有兄弟姐妹吗
你哥们是谁,们
谁是你姐们儿,谁是你姐了
你有子女吗,你的真女吗
你孩子多大,国大
你生孩子了吗,生孩子了
你有朋友吗,有朋友吗