流产假,流产家
新员工入职当天如何打卡,不值当天如何打卡
实习生意外医疗险赔付,实习生意外医疗减肥素
离职还有伯乐奖么,离职还有伯乐奖
哺乳假,
未婚可以申请公租房两房吗,成都房两房吗
公司有公租房吗,公司有工租房吗
新婚礼内容,新婚礼内容
员工的保险是什么时候生效,
丧假天数,三大天数
转正流程,
远程办公流程,
丧假路程假发薪,
给家属投保的时候投保的自选产品中有一个员工本人的50元保额的意外险保费是0.01元这个是什么,给家总投宝的时候投宝的自选产品中有一个员工本人的50元保额的意外险
成都公司党支部,
候选人已经在官网投递简历员工再次内推还算内推吗,候选人已经在官网投递简历员工再次内推还算内推吗
丧假有效期,三大有效期
心理咨询有次数限制吗,心理咨询有次数限制吗
我填写的满意度问卷会对我的职业发展有影响吗,
内推码如何查看,
深圳党组织关系转移,
2021年4月30日之前的理赔报销,
内推码如何使用,内推马如何使用
福利平台登陆,福利平台登陆
医疗保险报销时费用明细清单金额与收据不符,
2021伯乐奖励新规则,2021伯乐奖励新规则
深圳市内党组织关系转到深圳公司所需材料,深圳市内党组织关系转到深圳公司所需材料
法定节假日放假天数,法定节假日放假天赋
特色假期有哪些,
深圳博士后工作站,
实习生异地发生意外可以在外地就医吗,实习生异地发生意外可以在外地就医吗
弹性自选福利产品如何付费,
打卡数据查询、统计、异常反馈,
产假有效期,
医疗险是所有费用都能在商保中理赔吗,医疗显示所有费用都能在商保中理赔吗
入职前结婚有重大时刻福利吗,入职前结婚有重大时刻福利吗
公司司庆日,公司四庆日
丧假是否影响年终奖,
慧鲤可以申请港澳青年吗,
新冠疫苗接种安排,
公司有哪些福利,
离职了陪产假怎么办,离职了赔产假怎么办
打卡网络超时,
旷工处理,
公租房租金缴纳,
如果满意度作答过程中需要临时中断还能继续作答吗？,
工作时间,
新入职员工购买家属商保,
内推失败,内存失败
外包员工内部推荐有伯乐奖么,在包员工内部推荐有伯乐奖吗
医疗保险报销时收据姓名有误,
公租房入住期限,
年假对年终奖影响,年假对年终奖影
上海公司党支部,
深圳员工服务大厅,
社招/实习岗位有内推码么,社招实习岗位由内推马吗
线下内推什么时候发放奖励,
没休完的年假怎么办,
心理咨询时长,心理咨询时长
外地生育报销生育费,
成都自助打印证明机,
年度体检,
为什么官网或外部渠道的岗位找不到对应内推岗位,
子女医疗需要刷社保卡报销吗,医疗需要刷社保卡报销吗
一个候选人可以内推几个岗位,一个候选人可以那些几个岗位
打卡日期错误,打卡日期错误
西安产假天数,西安产家天赋
内推反馈时间,
实习生特殊模板实习证明开具,实习生特殊模板实习证明开具
外地党组织关系怎么转到上海公司,卖地党组织关系怎么转到上海公司
buddy经费条件,
补打卡,
实习生假期,
转正自评填写时限,转正自评填写实现
周年礼对象,周年里对象
内推系统登录密码是什么,
商保自选购买,商保自选购买
港澳青年就业补贴,港澳青年作业补贴