流产假,流产价
新员工入职当天如何打卡,新眼公入职当天如何打卡
实习生意外医疗险赔付,实习生意外医疗便赔富
离职还有伯乐奖么,离职还有伯乐奖吗
哺乳假,哺乳架
未婚可以申请公租房两房吗,未婚可以申请公租房两房吗
公司有公租房吗,公司有工作房吗
新婚礼内容,婚礼内容
员工的保险是什么时候生效,员工的保险是什么时候生效
丧假天数,商家天数
转正流程,转正流程
远程办公流程,远程办公流程
丧假路程假发薪,商家路程价发新
给家属投保的时候投保的自选产品中有一个员工本人的50元保额的意外险保费是0.01元这个是什么,给家属投保的时候投保的自选产品中有一个员工本人的50元保额的意外险
成都公司党支部,成都公司党支部
候选人已经在官网投递简历员工再次内推还算内推吗,候选人已经在官网投递简历员工再次内吹还算内吹吗
丧假有效期,商价有效期
心理咨询有次数限制吗,心理咨询有次出现的吗
我填写的满意度问卷会对我的职业发展有影响吗,我填写的满意度问卷会对我的职业发展有影响吗
内推码如何查看,内推码如何查看
深圳党组织关系转移,深圳党组织关系转移
2021年4月30日之前的理赔报销,2021年四月30日之前的理赔报销
内推码如何使用,内推码如何使用
福利平台登陆,台东路
医疗保险报销时费用明细清单金额与收据不符,医疗保险报销时费用明细清单金额与收据不符
2021伯乐奖励新规则,2021伯乐奖励新规
深圳市内党组织关系转到深圳公司所需材料,深圳市内党组的关系转到深圳公司所去材料
法定节假日放假天数,法定节假日放假天处
特色假期有哪些,特色假期有哪些
深圳博士后工作站,深圳博士后工作站
实习生异地发生意外可以在外地就医吗,实习生异地发生意外可以在外地住医吗
弹性自选福利产品如何付费,弹性自选福利产品如何付费
打卡数据查询、统计、异常反馈,打卡数据查询统计异常反馈
产假有效期,产假有效期
医疗险是所有费用都能在商保中理赔吗,医疗险是所有费用都能在商保中理赔吗
入职前结婚有重大时刻福利吗,不值前结婚有重大时刻福利吗
公司司庆日,14庆日
丧假是否影响年终奖,商价是否影响年终奖
慧鲤可以申请港澳青年吗,会里可以申请港澳青年吗
新冠疫苗接种安排,新冠疫苗接种安排
公司有哪些福利,公司有哪些福利
离职了陪产假怎么办,赔偿假怎么办
打卡网络超时,打卡网络超时
旷工处理,矿工处理
公租房租金缴纳,公租房租金缴纳
如果满意度作答过程中需要临时中断还能继续作答吗？,如果满意度作答过程中需要临时中断还能继续作答吗
工作时间,工作时间
新入职员工购买家属商保,先入职员工购买家属商保
内推失败,内推失败
外包员工内部推荐有伯乐奖么,外包员工内部推荐有伯乐奖吗
医疗保险报销时收据姓名有误,医疗保险报销时收据姓名有误
公租房入住期限,公租房入住期限
年假对年终奖影响,年假对年终奖影响
上海公司党支部,上海公司党支部
深圳员工服务大厅,深圳员工服务大厅
社招/实习岗位有内推码么,招实习岗位由内推马吗
线下内推什么时候发放奖励,线下内推什么时候发放奖励
没休完的年假怎么办,没修完的年假怎么办
心理咨询时长,时长
外地生育报销生育费,外地生育报销生育费
成都自助打印证明机,成都自助打印证明机
年度体检,年度体检
为什么官网或外部渠道的岗位找不到对应内推岗位,为什么官网或外部渠道的岗位找不到对应内推岗位
子女医疗需要刷社保卡报销吗,需要发社保卡报销吗
一个候选人可以内推几个岗位,提高后的人可以内推几个岗位
打卡日期错误,打卡日期后
西安产假天数,西安产家天数
内推反馈时间,内推反馈时间
实习生特殊模板实习证明开具,西装特殊模板时期证明开具
外地党组织关系怎么转到上海公司,麦地党组织关系怎么转到上海公司
buddy经费条件,巴底经费条件
补打卡,我打卡
实习生假期,实习生假期
转正自评填写时限,转正自停填写实现
周年礼对象,你对象
内推系统登录密码是什么,内推登录系统密码是什么
商保自选购买,双宝自选购买
港澳青年就业补贴,港澳青年就业补贴