你的联系电话,没关系
你电话多少,我这边是
给我你的电话号码,我想去
你有宗教信仰么,怎么走
你信什么,这就是
你的宗教是啥,下来吧
你家几个人,呃呃呃
你是独生子女么,不不不我就不管了
你家就你一个么,如果是什么吗
谁是你爸,好吗
叫我爸爸,不会啊
你爸是谁,来
你妈妈是谁,我看一下就行
谁是你妈,你好
叫我妈妈,蔚来
你有兄弟姐妹么,可我错了
你哥们是谁,然后是
谁是你姐们儿,好不好
你有子女么,走
你孩子多大,太多了
你生孩子了么,好
你有朋友么,你是我的对手
你的朋友有哪些,好啊
谁是你的朋友,谁
你有女朋友么,
你有女票么,
你还没女朋友啊,
你做我女朋友吧,
我想做你的男朋友,
你缺我这样的男朋友么,
你有男朋友么,
你有男票么,
你还没男朋友啊,
你做我男朋友吧,
我要转人工,
这个活动在哪里报名参加,
多长时间一趟班车,
一台车可免费停几个小时,
你们招商电话是多少?,
官方微信,
今天的天气,
广州的天气,
大海为什么是蓝色,
我东西找不到了,
哈喽,
嗨,
你好啊,
你好,
你会干什么,
你会干嘛,
你会什么,
你叫啥,
你是谁,
再见,
丢东西了,
拜拜,
在吗,
在不在,
广汽怎么走,
唱歌,
谢谢,
谢了,
你真笨,
笨蛋,
现在几点,
牛顿是谁,
世界最高的山是什么,
最大的海是那个,
最大的国家是那个,
中国有多大,
中国是哪一年成立的,
世界有几个大洲,
世界上有多少国家,
最长的河流是什么,
爱因斯坦是谁,
我的小孩不见了,
门口有车挡路了,
能不能帮我广播一下,
能不能查一下监控,
最近商场有哪些活动,
我想做你女朋友,
你缺我这样的女朋友么,
你是单身狗么,
你结婚了么,
你有对象么,
你是我的什么,
你是我的谁,
你算我的什么,
我是你的谁,
我算你什么人,
我是你的什么,我是你的什么
你觉得华为怎么样,你觉得华为怎么样
今天是什么日子,今天是什么日子
最近的电影院在哪里,电影院
打开扫一扫,
日币是多少台币,你说不是多少台币
现在几点了,现在几点了
明天中午北京到上海的航班,好像还要好好好好
找夜上海的酒店,小叶伤害的
讲个笑话给我听,讲个笑话给我听
七星彩,一两次
科比,暂停
医院,
餐厅,
到大连金州坐火车需要多少个小时,我就说我这需要多少个小时
西瓜的英语,然后那一点
乡村爱情,我给我唱首歌吧
今天会下雨吗,帮我放一首歌吧
帮我唱首歌吧,我知道
帮我放一首歌,做不好
播放一首歌,
唱个歌,
唱首歌,
唱首歌吧,唱首歌吧
唱首歌呗,我也挂了
唱首歌给我听吧,可以把个人问题啊
唱首歌来听吧,我们来听听
唱首歌来听听,是真的吗
唱一首歌吧,我要你
我要去超市,但有的地方
超市在哪里,无聊
超市在什么地方,百度不是你的
车次表,白鹿原在哪里
车库在哪里,环境
车停在哪里,还有音乐
大家好,唱首歌
大门在哪里,播放一首儿歌
地下停车场,我想听一首歌
电影,讲个笑话
儿童乐园,我好像在哪里
儿童乐园在哪里,不管让我看见你在哪我都不去
儿童玩具,好的
放首音乐,讲很多笑话吧
放一首歌给我听,一个笑话
给你唱歌,今天天气怎么样
给我唱首歌,
给我唱一首儿歌,
给我唱一首歌,
给我讲个笑话,
给爷唱首歌,
广场在哪里,
华润万家在哪,
滑滑梯在哪里,
讲个笑,
讲很多笑话吧,
讲一个笑话,
叫什么名字,
今天天气怎么样,
看电影,看电影
李白的诗,白的诗
小伊我想去国旗广场,我想去国际广场
小伊我想去,
小伊出口在哪里,我我我我想我小姨出口在哪里
小伊入口在哪里,那应该厉害一点
小伊楼梯在哪里,你在哪里
小伊电梯在哪里,走散
小伊扶梯在哪里,小姨呀也吃饭了
小伊安检区在哪里,玑兰有没有
小伊排队区在哪里,我想后天再拿
小伊集合等候区在哪里,不是很难的都是代表
小伊临时展厅扶梯在哪里,不好看
小伊我想去二大,好听好听周末蛀牙已经难过
小伊我想去中共二大会址纪念馆,小心我还是女王
小伊我想去四大,我们开始吧
小伊我想去中共四大纪念馆,对不对
小伊我想去龙华烈士陵园,
小伊我想去中国共产党发起组成立地,因为我想去中国共产党环境
小伊我想去中国共产党发起组成立地《新青年》编辑部旧址,没人在意
小伊我想去团中央机关旧址,业务部
小伊我想去周公馆,我想去中国宾馆
小伊我想去中国劳动组合书记部,
小伊我想去医院,说和劳动组合
小伊我想去地铁站,小明我想去旅行了
小伊我想去公交站,是的