你的联系电话,
你电话多少,少
给我你的电话号码,别问你的电话
你有宗教信仰么,你有宗教信仰吗
你信什么,你姓什么
你的宗教是啥,你的宗教是啥
你家几个人,
你是独生子女么,你是独生子女吗
你家就你一个么,你家就你一个吗
谁是你爸,是谁
叫我爸爸,叫我妈妈
你爸是谁,
你妈妈是谁,
谁是你妈,
叫我妈妈,
你有兄弟姐妹么,
你哥们是谁,你哥们是谁
谁是你姐们儿,谁是你姐妹
你有子女么,没有子女吗
你孩子多大,你孩子多大
你生孩子了么,你生孩子了吗
你有朋友么,你有朋友吗
你的朋友有哪些,这个就肯定有哪些
谁是你的朋友,谁是你的朋友
你有女朋友么,你有女朋友吗
你有女票么,你有你的票吗
你还没女朋友啊,你还没女朋友啊
你做我女朋友吧,你叫我女朋友吧
我想做你的男朋友,我想做你的男朋友
你缺我这样的男朋友么,你说我这样子男朋友吗
你有男朋友么,你有男朋友吗
你有男票么,你有男票吗
你还没男朋友啊,你还没男朋友啊
你做我男朋友吧,你就男朋友吧
我要转人工,我要准人工
这个活动在哪里报名参加,这个活动在哪里报名参加
多长时间一趟班车,多长时间一趟班车
一台车可免费停几个小时,你产生可免费停几个小时
你们招商电话是多少?,你们招商店或是多少
官方微信,对
今天的天气,今天的天
广州的天气,广州的天气
大海为什么是蓝色,同事来说
我东西找不到了,我东西找不到了
哈喽,
嗨,
你好啊,
你好,
你会干什么,干什么
你会干嘛,你会干嘛
你会什么,你会什么
你叫啥,你叫啥
你是谁,再见
再见,丢东西了
丢东西了,
拜拜,
在吗,
在不在,
广汽怎么走,广西怎么走
唱歌,
谢谢,
谢了,
你真笨,
笨蛋,
现在几点,
牛顿是谁,那我就说
世界最高的山是什么,世界最高的山是什么
最大的海是那个,最大的
最大的国家是那个,本地最大的国家是哪个
中国有多大,中国有多大
中国是哪一年成立的,中国是哪一年成立的
世界有几个大洲,但是这样一个问题一个大招
世界上有多少国家,里面是有多少国家
最长的河流是什么,变成了河流
爱因斯坦是谁,爱因斯坦是谁
我的小孩不见了,我的小孩不见了
门口有车挡路了,门口有车挡路
能不能帮我广播一下,我不能拉我我拨一下
能不能查一下监控,我们查一下监控
最近商场有哪些活动,这件事上有哪些活动
我想做你女朋友,我想做你女朋友
你缺我这样的女朋友么,你缺我这样的女朋友吗
你是单身狗么,你是单身狗吗
你结婚了么,你结婚了吗
你有对象么,你有对象吗
你是我的什么,你是我的什么
你是我的谁,你是我的谁
你算我的什么,你让我的什么
我是你的谁,我是你的谁
我算你什么人,在你什么人
我是你的什么,我是你的什么
你觉得华为怎么样,你觉得华为怎么样
今天是什么日子,是什么日子
最近的电影院在哪里,最近的电影院在哪里
打开扫一扫,打开扫一扫
日币是多少台币,一点多少台币
现在几点了,现在几点了
明天中午北京到上海的航班,明天中午北京到上海的航班
找夜上海的酒店,早夜上海的酒店
讲个笑话给我听,讲个笑话给我听
七星彩,提前采
科比,分别
医院,医院
餐厅,餐厅
到大连金州坐火车需要多少个小时,到大连荆州坐火车需要多少个小时
西瓜的英语,西瓜的音乐
乡村爱情,相互爱情
今天会下雨吗,今天会下雨吗
帮我唱首歌吧,帮我唱首歌吧
帮我放一首歌,帮我放一首歌吧
播放一首歌,播放一首歌
唱个歌,唱个歌
唱首歌,唱一首歌
唱首歌吧,
唱首歌呗,一首歌呗
唱首歌给我听吧,八首歌给我听吧
唱首歌来听吧,二首歌来听吧
唱首歌来听听,放首歌来听听
唱一首歌吧,这么一首歌吧
我要去超市,我要去超市
超市在哪里,这在哪里
超市在什么地方,这在什么地方
车次表,车次表
车库在哪里,车库在哪里
车停在哪里,车体在哪里
大家好,
大门在哪里,
地下停车场,下停车场
电影,电影
儿童乐园,传统的
儿童乐园在哪里,儿童乐园在哪里
儿童玩具,儿童玩具
放首音乐,放首音乐
放一首歌给我听,第一首歌给我听
给你唱歌,比你差不多
给我唱首歌,
给我唱一首儿歌,给我唱一首儿歌
给我唱一首歌,给我唱一首歌
给我讲个笑话,给我讲了个笑话
给爷唱首歌,对爷爷唱一首歌
广场在哪里,广场在哪里
华润万家在哪,
滑滑梯在哪里,
讲个笑,讲个笑
讲很多笑话吧,有很多笑话吧
讲一个笑话,讲一个笑话
叫什么名字,叫什么名字
今天天气怎么样,今天天气怎么样
看电影,看电影
李白的诗,李白的诗
小伊我想去国旗广场,
小伊我想去,
小伊出口在哪里,小姨一出口在哪里
小伊入口在哪里,小一入口在哪
小伊楼梯在哪里,楼梯在哪里
小伊电梯在哪里,小一电梯在哪里
小伊扶梯在哪里,小衣服贴在哪里
小伊安检区在哪里,小姨安检区在哪里
小伊排队区在哪里,小一排队区在哪里
小伊集合等候区在哪里,小一集合等候
小伊临时展厅扶梯在哪里,小于临时展厅，服务器在哪里
小伊我想去二大,小姨我想去澳大
小伊我想去中共二大会址纪念馆,小姨我想去中
小伊我想去四大,小姨我想去四大
小伊我想去中共四大纪念馆,小姨我想去中共四大几年
小伊我想去龙华烈士陵园,小一我想去龙华烈士陵园
小伊我想去中国共产党发起组成立地,小姨我想去
小伊我想去中国共产党发起组成立地《新青年》编辑部旧址,小姨我想去中国共产党发起组陈丽丽
小伊我想去团中央机关旧址,小姨我想去团中央机关就职
小伊我想去周公馆,小一我想去招工管
小伊我想去中国劳动组合书记部,小姨我想去中国劳动组合书记部
小伊我想去医院,小姨我想去医院
小伊我想去地铁站,小姨我想去地铁站
小伊我想去公交站,小姨我想去公交站
小伊我想去停车场,小姨我想去停车场
怎么预约,怎么预约
怎么参观,Most
有什么教育活动,有什么教育活动
背一首唐诗,背一首唐诗
我想听李白的诗,我想听李白的诗
我想听苏轼的诗,我想听苏轼的诗
背一首静夜思,背一首静夜思
我想听水调歌头,金水调歌头
你会背唐诗吗,你会背唐诗吗
念一首宋词吧,这样一首宋词吧
你会背什么诗,你会背什么诗
讲一首唐诗给我听,讲一首唐诗给我听