丧假天数,升降天数
重庆产假天数,重庆产假天数
医疗保险病历与收据不符能否报销,一两保险，命令与收据
体检日期灰色不可选,体检是青黑色
杭州公司党支部,党！
入职多少年有周年礼,今天上年有中年力
内推进度查询,已经堵查询
自选商保生效日,香港生笑剧
实习生人身意外险赔付,嘻嘻是不是意外险？
北京分公司HR联系方式,北京
转正流程,转正流程
南京产假天数,北精确强帖数
公租房续租,房区街！
急诊使用拍照报销,今天使用拍照报销
洗牙,新娘
人事证明开具,延续证明开具
内推奖励发放形式,你将发放信息？
接受了心理咨询，是不是意味着精神有问题,接受了心理咨询，是不是意味着精神？
试用期目标设定,信用期目标设计
流程处于虚拟人员审批状态,陈楚心里的原始体重太
参加弹性自选的家属有哪些资格要求,孩子学的家属有哪些字要求？
远程办公流程,变成内功流程！
是不是只要在平台上下单就证明投保成功了呢,信不信只要在平台上下，单就证明核保诚
给家属投保的时候，投保的自选产品中有一个员工本人的50元保额的意外险，保费是0.01元，这个是什么,能资讯产品中有一个员工本人的五十元，保额的意外险保费是零点零一元，这个是什么？
成都公司党支部,是党支部
候选人已经在官网投递简历，员工再次内推，还算内推吗,过去也已经在官网投递建立员工再次内推，还算内内推吗？
心理咨询有次数限制吗,心理咨询有次数限制吗？
我填写的满意度问卷会对我的职业发展有影响吗,我提醒的满意度问卷会对我的职业发展有影响吗？
新员工入职当天如何打卡,新员工主持当天竹和茶
内推码如何查看,黑马如何常态？
深圳党组织关系转移,深圳党组织关系转移
2021年4月30日之前的理赔报销,零四月三十日之前的理赔报销
内推码如何使用,如何系统？
福利平台登陆,你还真住？
医疗保险报销时费用明细清单金额与收据不符,医疗保险报销费用明细清单，惊愕与汤聚福
深圳市内党组织关系转到深圳公司所需材料,深圳市内组织关系转到深圳公司所需材料
法定节假日放假天数,把你骑将军封天书
特色假期有哪些,四假期有哪些？
实习生意外医疗险赔付,嘻嘻是因为你描写佩服
深圳博士后工作站,深圳博士后工作站
实习生异地发生意外可以在外地就医吗,实习生一点发生意外可以在外地就别吗？
弹性自选福利产品如何付费,引起资讯福利产品如何付费？
打卡数据查询、统计、异常反馈,张卡数据查询统计，宜昌再会
产假有效期,请匠有效期
医疗险是所有费用都能在商保中理赔吗,医疗险实现六费用都能再生保中理赔吗？
入职前结婚有重大时刻福利吗,之前结婚，有重大时刻福利吗？
公司司庆日,公司习近平
丧假是否影响年终奖,升降是否影响年终奖？
慧鲤可以申请港澳青年吗,你申请怎么请点吗？
离职还有伯乐奖么,一直没有伯乐校吗？
新冠疫苗接种安排,新婚疫苗接种安排！
公司有哪些福利,公司有哪些福利？
离职了陪产假怎么办,智能内存，这样怎么买？
打卡网络超时,当他网络超市
旷工处理,换工处理
公租房租金缴纳,经常基金缴纳
工作时间,哼！
新入职员工购买家属商保,新入职员工购买家属商报
内推失败,可以买！
哺乳假,假！
外包员工内部推荐有伯乐奖么,为方圆通内部推荐有伯乐奖吗？
医疗保险报销时收据姓名有误,你俩保险报销时收取性病有误
公租房入住期限,期限
年假对年终奖影响,你对年终奖影响
上海公司党支部,上海公司党支部
深圳员工服务大厅,深圳员工
社招/实习岗位有内推码么,是张稀稀的味，有内推码吗？
线下内推什么时候发放奖励,线下内推什么时候发放奖励？
没休完的年假怎么办,必修买的廉价怎么办？
心理咨询时长,心理咨询时长
未婚可以申请公租房两房吗,为你申请公租房两房
外地生育报销生育费,为你生育报销生育费
成都自助打印证明机,成都，记住歹徒正丙基
年度体检,体检！
为什么官网或外部渠道的岗位找不到对应内推岗位,为什么回我我会不曲的岗位，找不到对你内推岗位？
子女医疗需要刷社保卡报销吗,一两需要刷社保卡报销吗？
一个候选人可以内推几个岗位,先后雪人可以内推几个岗位
打卡日期错误,张天其错误
西安产假天数,喜欢全讲天书？
内推反馈时间,时间
实习生特殊模板实习证明开具,实习生特殊，五百实习证明开具
公司有公租房吗,只有空间好吗？
外地党组织关系怎么转到上海公司,外地党组织关系怎么转到上海公司？
buddy经费条件,那你经费条件？
补打卡,我当场
实习生假期,学习升降旗
转正自评填写时限,政治治填写实现
周年礼对象,重点地对象
内推系统登录密码是什么,微系统登录密码是什么？
商保自选购买,申报自选购买
日历年是什么,一点是什么？
港澳青年就业补贴,青年就业补贴