丧假天数,升降天数
重庆产假天数,重庆沉降天
医疗保险病历与收据不符能否报销,一两毛线命令与收据不符，能否报销？
体检日期灰色不可选,体检日秦桧，测功课选
杭州公司党支部,杭州公司党支部
入职多少年有周年礼,几多少年永州年龄？
内推进度查询,进度查询
自选商保生效日,资讯商报生肖玉！
实习生人身意外险赔付,嘻嘻，顺便声音，外线赔付
北京分公司HR联系方式,北京分公司为二联系方式
转正流程,转正流程
南京产假天数,南京产假天数
公租房续租,公租房徐泾
急诊使用拍照报销,金针使用拍照方向
洗牙,信阳
人事证明开具,延迟证明开具
内推奖励发放形式,堆奖励发放形式
接受了心理咨询，是不是意味着精神有问题,接受了心理咨询，是不是意味着精神有问题？
试用期目标设定,使用其目标设定
流程处于虚拟人员审批状态,刘晨处于群里人员审批状态
参加弹性自选的家属有哪些资格要求,千江弹性自选的家属有哪些资格要求？
远程办公流程,远程办公流程
是不是只要在平台上下单就证明投保成功了呢,信不信只要在平台上下，单就证明投保成功了呢？
给家属投保的时候，投保的自选产品中有一个员工本人的50元保额的意外险，保费是0.01元，这个是什么,给家属头脑的时候淘宝的资讯产品中有一个员工本人的五十元，保额的意外险保费是零点零一元，这个是什么？
成都公司党支部,成都公司党支部
候选人已经在官网投递简历，员工再次内推，还算内推吗,候选人已经在官网投递简历员工再次内推还算内推吗？
心理咨询有次数限制吗,吉林谘询有次数限制吗？
我填写的满意度问卷会对我的职业发展有影响吗,我提醒能买一问卷会对我的职业发展有影响吗？
新员工入职当天如何打卡,新员工主持当天如何大咖？
内推码如何查看,黑马如何查看？
深圳党组织关系转移,深圳党组织关系转移
2021年4月30日之前的理赔报销,二零二一年四月三十日之前的李培报销
内推码如何使用,如何使用？
福利平台登陆,平台登录
医疗保险报销时费用明细清单金额与收据不符,一两保险报销时，费用明尹清干净而收据入伏
深圳市内党组织关系转到深圳公司所需材料,深圳市内党组织关系转到深圳公司所学材料
法定节假日放假天数,绑定记账员放假天数
特色假期有哪些,这次假期有哪些？
实习生意外医疗险赔付,许先生，意外医疗险赔付
深圳博士后工作站,深圳博士后工作站
实习生异地发生意外可以在外地就医吗,信息生意地发生意外，可以在外地就业吗？
弹性自选福利产品如何付费,开心资讯福利产品如何付费？
打卡数据查询、统计、异常反馈,打卡数据查询，统计异常反馈
产假有效期,彩虹有效期
医疗险是所有费用都能在商保中理赔吗,一条显示所有费用都能上榜装ｂ陪吗？
入职前结婚有重大时刻福利吗,提前结婚有重大时刻福利吗？
公司司庆日,公司是情侣？
丧假是否影响年终奖,商家是否影响年终奖？
慧鲤可以申请港澳青年吗,为你可以申请港澳景点吗？
离职还有伯乐奖么,已经很有伯乐奖吗？
新冠疫苗接种安排,新冠疫苗接种安排
公司有哪些福利,公司有哪些福利？
离职了陪产假怎么办,你真的可以全价怎么办？
打卡网络超时,ｄｏｔａ网络抄袭
旷工处理,旷工处理
公租房租金缴纳,公租房租金缴纳
工作时间,工作时间
新入职员工购买家属商保,新员工购买家属伤亡
内推失败,历史买
哺乳假,假！
外包员工内部推荐有伯乐奖么,外方员工内部推荐有伯乐奖吗？
医疗保险报销时收据姓名有误,医疗保险报销时收取姓名有误
公租房入住期限,公租房入住期限
年假对年终奖影响,演价对年终奖影响
上海公司党支部,上海公司党支部
深圳员工服务大厅,深圳员工服务大厅
社招/实习岗位有内推码么,是招实习岗位，有内推码吗？
线下内推什么时候发放奖励,线下为什么时候发放奖励？
没休完的年假怎么办,美修完的年假怎么办？
心理咨询时长,心理咨询市场
未婚可以申请公租房两房吗,未婚可以申请公租房两房吗？
外地生育报销生育费,外地生育报销生育费
成都自助打印证明机,成都自助打印证明其
年度体检,年度体检！
为什么官网或外部渠道的岗位找不到对应内推岗位,为什么官网或外部渠道的岗位找不到对应内推岗位？
子女医疗需要刷社保卡报销吗,你需要刷社保卡报销吗？
一个候选人可以内推几个岗位,候选人可以内推几个岗位
打卡日期错误,打卡日期错误
西安产假天数,喜欢全强帖数
内推反馈时间,会议时间
实习生特殊模板实习证明开具,实习生特殊美实习证明开局
公司有公租房吗,公司有公租房吗？
外地党组织关系怎么转到上海公司,外地党组织关系怎么转到上海公司？
buddy经费条件,那你经费条件？
补打卡,卡
实习生假期,学习升降旗
转正自评填写时限,转正自评填写实现
周年礼对象,中年龄对象
内推系统登录密码是什么,内推系统登录密码是什么？
商保自选购买,香港自选购买
日历年是什么,一历年是什么？
港澳青年就业补贴,港澳青年就业补贴