丧假天数,三降天使
重庆产假天数,请产假天数
医疗保险病历与收据不符能否报销,医疗保险病历与收据不符，能否报销？
体检日期灰色不可选,体检日期灰色不可选
杭州公司党支部,杭州公司党支部
入职多少年有周年礼,你多少年永中年龄？
内推进度查询,内黑进度查询
自选商保生效日,自选商报生效据
实习生人身意外险赔付,陕西省人身意外险赔付
北京分公司HR联系方式,北京分公司A HR联系方式
转正流程,转正流程
南京产假天数,南京沉降天数
公租房续租,方旭金
急诊使用拍照报销,禁止使用拍照报销
洗牙,新娘！
人事证明开具,明天去证明泰剧
内推奖励发放形式,对对奖励发放形式
接受了心理咨询，是不是意味着精神有问题,接受了心理咨询是不是意味着精神有问题？
试用期目标设定,试用期目标设定
流程处于虚拟人员审批状态,经常处于权力人员审批状态
参加弹性自选的家属有哪些资格要求,钱江弹性资讯的家属有哪些资格要求？
远程办公流程,远程办公流程
是不是只要在平台上下单就证明投保成功了呢,是不是只要在平台上下单就证明投保成功了呢？
给家属投保的时候，投保的自选产品中有一个员工本人的50元保额的意外险，保费是0.01元，这个是什么,给家属投保的时候有很好的自选产品中有一个员工本人的50元保额的意外险，保费是0.01元。这个是什么？
成都公司党支部,成都公司党支部
候选人已经在官网投递简历，员工再次内推，还算内推吗,候选人已经在官网投递简历，员工再次被推还算内推吗？
心理咨询有次数限制吗,心理咨询有次数限制吗？
我填写的满意度问卷会对我的职业发展有影响吗,天气的满意度问卷会对我的职业发展有影响吗？
新员工入职当天如何打卡,新员工入职当天和大咖
内推码如何查看,那黑马如何查看？
深圳党组织关系转移,深圳党组织关系转移
2021年4月30日之前的理赔报销,你们明年4月30日之前的理赔报销
内推码如何使用,国内黑马如何使用？
福利平台登陆,兄弟平台登陆
医疗保险报销时费用明细清单金额与收据不符,医疗保险报销是费用明细清单，金额与收据不符
深圳市内党组织关系转到深圳公司所需材料,深圳市内党组织关系转到深圳公司所需材料
法定节假日放假天数,法定节假日，放假天数
特色假期有哪些,特色假期有哪些？
实习生意外医疗险赔付,实习生意外医疗险赔付
深圳博士后工作站,深圳博士后工作站
实习生异地发生意外可以在外地就医吗,实习生异地发生意外，可以在外地就医吗？
弹性自选福利产品如何付费,海信资讯福利产品如何付费？
打卡数据查询、统计、异常反馈,DATA数据查询统计异常反馈
产假有效期,权杖有效期
医疗险是所有费用都能在商保中理赔吗,音量显示所有费用都能在商贸中顶配吗？
入职前结婚有重大时刻福利吗,之前结婚有重大时刻福利吗？
公司司庆日,公司司近日
丧假是否影响年终奖,三甲是否影响年终奖？
慧鲤可以申请港澳青年吗,会计可以申请感冒经典吗？
离职还有伯乐奖么,DJ还有伯乐奖吗？
新冠疫苗接种安排,新闻疫苗接种安排
公司有哪些福利,公司有哪些福利？
离职了陪产假怎么办,理智的可以吵架怎么办？
打卡网络超时,打开网络超时
旷工处理,旷工处理
公租房租金缴纳,公租房租金较大
工作时间,工作时间
新入职员工购买家属商保,新入职员工购买家属商贸
内推失败,那可是卖的
哺乳假,讲
外包员工内部推荐有伯乐奖么,汇丰员工内部推荐有魔了，降吗？
医疗保险报销时收据姓名有误,一两毛线帽消失，守军姓名有误
公租房入住期限,公租房期限
年假对年终奖影响,演讲给年终奖影响
上海公司党支部,上海公司党支部
深圳员工服务大厅,深圳员工服务大厅
社招/实习岗位有内推码么,社招实习岗位有内黑马吗？
线下内推什么时候发放奖励,现向内飞什么时候发放奖励？
没休完的年假怎么办,没休完的年假怎么办？
心理咨询时长,心理咨询市场
未婚可以申请公租房两房吗,未婚可以申请工作放凉放吗？
外地生育报销生育费,外地生育报销生育费
成都自助打印证明机,自助打印正冰机
年度体检,年度体检
为什么官网或外部渠道的岗位找不到对应内推岗位,为什么官网我为你去闹得岗位，找不到对应内推广位？
子女医疗需要刷社保卡报销吗,医疗需要刷社保卡报销吗？
一个候选人可以内推几个岗位,你好，美女好像没有几个岗位
打卡日期错误,大家一起错误
西安产假天数,西安沉降天数
内推反馈时间,你你们卫生间
实习生特殊模板实习证明开具,实习生特殊不满是新政平台据
公司有公租房吗,公司有公租房吗？支付宝大厦
外地党组织关系怎么转到上海公司,外地党组织关系怎么转到上海公司？
buddy经费条件,THE BODY经费条件
补打卡,你让他
实习生假期,是牺牲假期？
转正自评填写时限,转正自评填写实现
周年礼对象,中间的对象
内推系统登录密码是什么,内推系统登录密码是什么？
商保自选购买,商报咨询购买
日历年是什么,明年是什么？
港澳青年就业补贴,港澳青年就业的天