丧假天数,三降天数
重庆产假天数,重庆沉降天数
医疗保险病历与收据不符能否报销,医疗保险病历与收据不符，能否报销？
体检日期灰色不可选,体检日期灰色不可选
杭州公司党支部,杭州公司党支部
入职多少年有周年礼,入职多少年有终点了
内推进度查询,被推进度查询
自选商保生效日,自选商报生效语
实习生人身意外险赔付,是牺牲人身意外险赔付
北京分公司HR联系方式,北京分公司A HR联系方式
转正流程,转正流程
南京产假天数,南京产假天数
公租房续租,公租房续租
急诊使用拍照报销,禁止使用拍照报销
洗牙,夕阳
人事证明开具,也是证明开具
内推奖励发放形式,可以奖励发放形式
接受了心理咨询，是不是意味着精神有问题,接受了心理咨询是不是意味着精神有问题？
试用期目标设定,使用其目标设定
流程处于虚拟人员审批状态,流程处于虚拟人员审批状态
参加弹性自选的家属有哪些资格要求,参加弹性自选的家属有哪些资格要求？
远程办公流程,远程办公流程
是不是只要在平台上下单就证明投保成功了呢,是不是只要在平台上下单就证明投保成功了呢？
给家属投保的时候，投保的自选产品中有一个员工本人的50元保额的意外险，保费是0.01元，这个是什么,给家属投保的时候，投保的自选产品中有一个员工本人的50元保额的意外险，保费是0.00元。这个是什么？
成都公司党支部,成都公司党支部
候选人已经在官网投递简历，员工再次内推，还算内推吗,候选人已经在观望，投递简历，员工再次被推还算内推吗？
心理咨询有次数限制吗,心理咨询有次数限制吗？
我填写的满意度问卷会对我的职业发展有影响吗,我填写的满意度问卷会对我的职业发展有影响吗？
新员工入职当天如何打卡,新员工入职当天如何大堂？
内推码如何查看,被吹骂如何查看？
深圳党组织关系转移,深圳党组织关系转移
2021年4月30日之前的理赔报销,2021年4月30日之前的理赔报销
内推码如何使用,被推马如何使用？
福利平台登陆,福利品牌登陆
医疗保险报销时费用明细清单金额与收据不符,医疗保险报销是费用明细清单，金额与收据不符
深圳市内党组织关系转到深圳公司所需材料,深圳市内党组织关系转到深圳公司所需材料
法定节假日放假天数,法定节假日，放假天数
特色假期有哪些,特色假期有哪些？
实习生意外医疗险赔付,实习生意外医疗险赔付
深圳博士后工作站,深圳博士后工作站
实习生异地发生意外可以在外地就医吗,陕西省一地发生意外，可以在外地就医吗？
弹性自选福利产品如何付费,还行自选福利产品如何付费？
打卡数据查询、统计、异常反馈,打卡数据查询统计异常反馈
产假有效期,沉降有效期
医疗险是所有费用都能在商保中理赔吗,解释所有费用都在申报中理赔吗？
入职前结婚有重大时刻福利吗,总之，前进没有重大时刻福利吗？
公司司庆日,公司司庆日
丧假是否影响年终奖,商家是否影响年终奖？
慧鲤可以申请港澳青年吗,喂，你可以申请港澳青年吗？
离职还有伯乐奖么,地址还有伯乐奖吗？
新冠疫苗接种安排,新冠疫苗接种安排
公司有哪些福利,公司有哪些福利？
离职了陪产假怎么办,你只能陪产假怎么办？
打卡网络超时,打开网络超市
旷工处理,旷工处理
公租房租金缴纳,公租房租金缴纳
工作时间,工作时间
新入职员工购买家属商保,新入职员工购买家属商贸
内推失败,内退失败
哺乳假,出家
外包员工内部推荐有伯乐奖么,外包员工内部推荐有伯乐奖吗？
医疗保险报销时收据姓名有误,医疗保险报销时收据姓名有误
公租房入住期限,公租房补助期限
年假对年终奖影响,天价队列中将影响
上海公司党支部,上海公司党支部
深圳员工服务大厅,深圳员工服务大厅
社招/实习岗位有内推码么,社长是新岗位，有内推骂吗？
线下内推什么时候发放奖励,线下内推什么时候发放奖励？
没休完的年假怎么办,没休完的年假怎么办？
心理咨询时长,心理咨询市场
未婚可以申请公租房两房吗,未婚可以申请公租房两房吗？
外地生育报销生育费,外地生育报销生育费
成都自助打印证明机,成都自助打印正品机
年度体检,年度体检
为什么官网或外部渠道的岗位找不到对应内推岗位,为什么官网或外部渠道的岗位找不到对应内推岗位？
子女医疗需要刷社保卡报销吗,子女医疗需要刷社保卡报销吗？
一个候选人可以内推几个岗位,一个候选人可以被推进一个岗位
打卡日期错误,打卡天气错误
西安产假天数,西安产假天数
内推反馈时间,被黑返回时间
实习生特殊模板实习证明开具,实习生特殊不办事行证明开具
公司有公租房吗,公司有公租房吗？
外地党组织关系怎么转到上海公司,外地党组织关系怎么转到上海公司？
buddy经费条件,毛宁经费条件
补打卡,你大卡
实习生假期,是牺牲假期？
转正自评填写时限,转正自评填写实现
周年礼对象,中年李对象
内推系统登录密码是什么,内推系统登录密码是什么？
商保自选购买,商贸咨询购买
日历年是什么,这里面是什么？
港澳青年就业补贴,港澳青年就业补贴