你的联系电话,你的联系面
你电话多少,你电话多少
给我你的电话号码,给我你的电话号码
你有宗教信仰么,你有宗教信仰吗
你信什么,你姓什么
你的宗教是啥,你的宗教是啥
你家几个人,你家几个人
你是独生子女么,你是独生子女吗
你家就你一个么,你家就你一个吗
谁是你爸,谁是你妈
叫我爸爸,叫我爸爸
你爸是谁,你爸是谁
你妈妈是谁,你妈妈是谁
谁是你妈,
叫我妈妈,叫我妈妈
你有兄弟姐妹么,你有兄弟姐妹吗
你哥们是谁,你哥们是谁
谁是你姐们儿,谁是你姐妹
你有子女么,你有子女吗
你孩子多大,你孩子多大
你生孩子了么,嗯生孩子了吗
你有朋友么,你有朋友吗